UNITID,cs_stat,cs_pval,noncs_stat,noncs_pval
100654,-0.6334158716110487,0.03641473158466359,-0.8905589602974734,0.00023672523209598246
100663,0.3553263877004495,0.283557830655558,0.11180678660816559,0.7434513596606446
100706,0.2961512294810038,0.37655319462366194,-0.8400303158997164,0.0012106720492950163
100724,-0.6694893370370114,0.02424093522421072,-0.7767861394191279,0.004917781833826272
100751,0.2300251265696755,0.49622544922886364,-0.6146148372517533,0.04420450942617935
100812,-0.3755335358916355,0.25507160896458825,0.37208621989167834,0.2598109480236481
100858,-0.19561355004115127,0.5643264723671932,-0.785805823224234,0.004142483084804593
101116,0.29561395420373576,0.37746092415711174,0.6183145787052361,0.04258829246967162
101189,0.06733553338220138,0.8440552402592808,-0.4099361302813799,0.21050994053334873
101480,0.17266243446392013,0.611678163358578,-0.47637443515859834,0.13852200047143592
101675,-0.06956083436402519,0.8389587420068251,-0.12005479030119391,0.7251368583964004
101879,0.6088225424204041,0.04681914562680073,0.5872870291391569,0.0574727174231039
101912,-0.30684533200240216,0.35871720557871106,-0.6383460523080247,0.03454241166754707
102049,0.44046035959813257,0.17514618099933088,0.15759369146674898,0.643523877362278
102094,0.4613087334225967,0.153235740054136,0.9398158056952381,1.7267690243699358e-05
102298,-0.3004640374003148,0.3693068979536241,-0.39491635464188535,0.22935227703478936
102368,-0.5800484814200295,0.0613951352754307,-0.8937713899709322,0.00020801825252367124
102377,-0.004539342100215549,0.9894317148735081,-0.41137831159948673,0.2087507817596561
102553,0.19999999999999996,0.5554454421055853,-0.0033676804379841677,0.9921594383115788
102614,0.3148753244831798,0.34561767198315196,0.27861045645851024,0.40675433147775947
102845,-0.2551200632177182,0.4489789492220101,-0.6454944842777389,0.03194869986786843
104151,-0.3224321273811283,0.33352278200858226,-0.4947599555443007,0.12181872224973918
104179,0.49861243245206305,0.11849092185441135,0.6846297998684734,0.020118226801234138
105330,0.25570249270455697,0.4479081105391381,0.5606637242422055,0.07278335126844312
106245,0.3761595543520408,0.25421629808634205,0.11082846194688781,0.7456318372459622
106342,0.533775021290573,0.09080437965913446,0.5397328638874012,0.08658183963316458
106397,-0.20515217087005025,0.5450864878130838,-0.01878303127263814,0.9562871639940963
106412,-0.4191623743865803,0.19940728124310006,-0.7416548351416015,0.008983539183920955
106458,-0.5339590948936732,0.09067192877096972,-0.7909226122531388,0.0037450715394858514
106467,-0.08191763199515403,0.8107642396463207,0.6244213628855038,0.040010799989878894
106704,0.14260289557658212,0.6757481990987865,0.6610732540924912,0.026774700682706144
107044,-0.5097105735774677,0.10923310662321066,0.08601028805752099,0.8014687740314007
107071,-0.19999999999999993,0.5554454421055853,0.6087559281284751,0.04684981990022974
107080,0.4999999999999999,0.11730680301423828,0.7747676940882734,0.005104974177202973
107512,6.938893903907228e-18,0.9999999999999998,0.5727174814854517,0.06554872318226485
107600,-0.3451088003866162,0.2986054174195034,0.37069465337307084,0.26173813261221646
107983,-0.11534945328005283,0.7355697507213205,-0.4924910567102625,0.12380635026207222
108092,-0.4720576784128399,0.1426426966395533,-0.10608634766355968,0.7562245019446032
108232,0.31091866611325625,0.35204060442287705,0.7721790645505393,0.005352664643097125
109785,-0.3548215503851581,0.28429120999088076,0.2614168734678852,0.4374653955633069
110097,0.4357462697922736,0.18035193335925886,-0.6636630270494985,0.025975997640817452
110404,0.17730442943106506,0.6019852397956625,0.5019735761907447,0.11563576015698758
110413,-0.09078627991898636,0.7906504927946437,-0.17563480149309402,0.605465026659072
110422,-0.2956654949778712,0.3773737977371174,0.12464870520504302,0.7149913067710261
110486,0.6089908004138801,0.04674172847749272,0.14667084553586074,0.6669527172265624
110495,-0.27465910068855887,0.41371661915816693,-0.3105878370448817,0.35258043881202167
110510,-0.3970982494902121,0.2265560422209077,-0.9517293228444437,6.511779384067827e-06
110529,0.11929043535643774,0.7268288199800595,-0.2522877910907457,0.4542032456761484
110538,-0.27575305514240983,0.41178330068334684,0.6651430603073257,0.025527187366582556
110547,-0.6361057186230408,0.03538466836280795,-0.9352507662391623,2.383486364776163e-05
110556,0.2835258991567371,0.39817422623090665,-0.8988052841215457,0.00016845382146914354
110565,-0.4166673129469543,0.20237437797751356,-0.8745524406804903,0.0004271747662785392
110574,-0.25480784176963495,0.44955348179234533,0.5431817055509137,0.08419794465543888
110583,-0.11087311326466831,0.7455322823454782,-0.40835948565283764,0.2124431538030844
110592,-0.6346179493459241,0.035951853302949206,-0.8945780320232775,0.0002012458316926983
110608,-0.3654160863239905,0.2691218772249039,-0.9076130293097979,0.00011329234474426181
110617,-0.35576132308752606,0.2829268426843577,-0.07998079672813968,0.8151710166364575
110635,-0.41525497542218526,0.2040655443379388,-0.846317518385361,0.0010205111226625646
110644,0.04953658447034766,0.8849980257781057,-0.5455754352879428,0.0825692075668757
110653,0.5054560967961244,0.1127246683436735,-0.34838927968683103,0.2937274104249189
110662,-0.30595387238645516,0.3601870537429483,-0.002144354880818808,0.9950075194782806
110671,-0.4738585586532682,0.1409143475841669,-0.8863921315990915,0.0002783352647824808
110680,-0.6248212180001337,0.039845907453871614,-0.1080163557716832,0.7519087089106072
110705,-0.7922147211908442,0.0036493492690333525,-0.42345898373702606,0.19435928704266975
110714,-0.2172608896843889,0.5210572150627311,-0.797209580849805,0.0032962771379190254
111948,-0.1311852655838457,0.7006268681711103,-0.5571978919907352,0.07495855467222724
112260,0.4499070535980997,0.16499402827512377,0.5475705225923576,0.08122781121699738
115409,0.5740648958502959,0.06477148059236626,0.8065246642033495,0.0027063033068348394
117140,-0.183276373306145,0.5895999829777759,-0.7553465858816085,0.007184751465986654
117627,-0.09138115486202567,0.7893052999914721,-0.02275780359895796,0.9470470695617913
117946,0.5473746717615202,0.08135884550415809,0.7668264117539028,0.005892742464767425
118888,-0.11925695879998877,0.7269029481456092,0.251172244544774,0.45626863106070076
119605,-0.6678475693996944,0.024721277233577005,-0.31699196929087625,0.3422070583300418
120184,0.028227871846881775,0.9343406600807295,0.11363278610415736,0.7393861267960691
120883,0.035786213051855115,0.916806565691639,-0.23967383721176744,0.4778073145475265
121309,0.4636443603166296,0.15089351845601576,0.24959572568183935,0.4591948640516217
121345,0.03155612629227211,0.9266160179533063,0.657311996004114,0.027965351638898055
122409,-0.014492765099489935,0.9662660744108031,-0.05759549737861773,0.8664232895903189
122436,0.7778641219620976,0.004819907335136566,0.8777017920096151,0.0003827973716613357
122597,0.11693592327168006,0.7320475818018057,0.30444237172971494,0.36268631246689365
122612,-0.44330276093612914,0.17205230021062434,0.2469720234372818,0.46408387787567773
122755,-0.36800195266280833,0.26549021311494275,-0.7697707714793652,0.005590938803126377
123572,0.14269483796598986,0.675548999641193,0.713033594760569,0.013772085517830225
123961,-0.394217935581326,0.23025158217568853,0.41748021990321554,0.20140479697206787
125231,0.6226280449834771,0.04075615750102195,0.22230930614884475,0.5111735921700958
125727,0.3999999999999999,0.22286835013351997,0.182982885060141,0.5902063867747084
126562,-0.08436170229351223,0.8052104201218369,0.054370543443745846,0.8738495958606627
126580,-0.39756621250817653,0.2259589308689139,-0.44379864768263877,0.17151600206149364
126614,0.8273347356903329,0.001674425302523565,0.022811401477342008,0.9469225090637369
126669,0.7187074887353605,0.01270317439837087,0.6218505236498898,0.04108229114674075
126678,0.5123244671935815,0.10712311539456637,0.6516348631072069,0.029832440913673777
126818,0.4951019925994913,0.12152087281184211,0.8513197555358412,0.0008860195404132526
126827,0.8359313281968449,0.0013482192239483058,0.7995922643399607,0.003137086854419404
127060,0.471910665401955,0.14278437486454526,-0.18932226282939757,0.5771610054410652
127556,0.39103592022868033,0.23437483828798403,0.4581426086127141,0.1564468128447347
127565,0.15561172489683242,0.6477542181215565,0.5604384635754143,0.07292342598627992
127918,-0.365042852104773,0.26964835729432796,-0.5707531931512981,0.06669304750094318
128106,-0.1240435207291613,0.7163255147796306,-0.5386833391419392,0.08731605344732632
128328,0.3077032734554324,0.35730555330921865,0.45931645943740795,0.15525145783854066
128771,0.7809240902153336,0.004549902381716985,0.923325771472827,5.011446106537179e-05
128902,-0.17161412162857337,0.613874966339869,0.03942132644614432,0.9083851047995096
129020,0.18658422123424873,0.5827817342172397,0.46630447735946545,0.1482533034954371
129215,0.6378892372851732,0.03471300272921748,0.36114441445555,0.275182069713045
129242,0.4125370935081921,0.20734366659624848,-0.3764174894701209,0.2538643660459808
129525,0.3878216086641445,0.23858320955283266,0.27360812886611613,0.4155781225636511
129941,-0.1539800786705713,0.6512438663026777,0.610529328618176,0.04603792168098066
130226,0.06941979732023806,0.8392815894715804,0.32658210213282646,0.32697748647700875
130253,0.2730955837419894,0.41648742470306804,0.06961689440590339,0.8388304213218876
130493,0.34594221510755574,0.29736196407749543,0.7347978298307184,0.009998232526204208
130590,-0.26602449000278516,0.4291300329528517,-0.16951464949084138,0.6182830986877175
130697,-0.33834589552502575,0.3088006796189774,0.4404083671380174,0.17520308832802856
130776,0.7277285897285639,0.011129004795798422,0.8482005676070165,0.000968200009866209
130794,0.33519889512912415,0.31360839285238257,0.6615163305946927,0.026636839843933238
130934,0.2363907357418452,0.4840395697998577,-0.6164335208743774,0.043404823743939815
130943,0.6572617666314672,0.027981500030761417,0.5016556920904284,0.11590387225372176
131113,-0.47102611280395906,0.14363869851441693,0.4597577065408229,0.1548036027144133
131159,0.31469377082867434,0.3459110402463119,0.9310732249972475,3.1386183698555195e-05
131283,0.001439967834624488,0.9966474613851847,-0.24613403225509303,0.465650389087439
131399,-0.5230213209318592,0.09876489128245823,-0.8563410210002323,0.0007648964954065614
131450,0.00030877878176733143,0.9992810984013,0.6154098472284855,0.04385369764203321
131469,0.8554206644811918,0.0007861013130874537,-0.18367490567424322,0.5887769158201479
131496,-0.35843225898229236,0.27906910499731363,0.4008951030116792,0.221737970915298
131520,-0.5508430469709886,0.07905905440856584,-0.8879958345118711,0.00026171287148708404
131803,0.14615356742922286,0.6680690858107763,-0.05365553847609719,0.8754973408950794
132471,0.527008696633022,0.09576192308828091,0.9083277868836158,0.00010951717872322962
132602,0.1442128654254648,0.6722627970184143,-0.7244517349058489,0.011683427860715957
132903,0.2582674367202677,0.4432065042440866,0.8746187800738209,0.00042620162062455036
133492,-0.22635097660945147,0.5033195098864313,-0.7859913333996539,0.004127553179113057
133650,-0.2587369096352511,0.4423484671682146,-0.8036805985664244,0.0028773297018359874
133669,0.033324026880752824,0.9225151193165682,0.40740684681876005,0.21361631965894193
133702,0.04666313293970828,0.8916339906136781,-0.1531151693454354,0.6530962277916829
133881,-0.18749714575740717,0.5809053261611324,0.7300253919022114,0.010751946119574219
133951,-0.1308882981307601,0.7012776034029561,0.41539893163907415,0.20389278284398787
133979,-0.18100634775156638,0.5942964258007942,-0.7322159587284738,0.010401047726684008
134079,0.47465062703640015,0.1401583808387624,-0.6937526149939776,0.01789069432308786
134097,-0.6675897551232186,0.024797315051113412,-0.7161600121533706,0.01317539020457416
134130,-0.23487565575114205,0.48692776965050044,-0.9545730268004194,4.975495035245699e-06
134237,0.43498047086870395,0.181206399764967,0.9475324090661272,9.418347404713685e-06
134811,-0.34459846658568316,0.2993682392635487,0.40805911881923845,0.21281263958024402
134945,-0.2771686550745756,0.4092880982424366,0.21818500565269705,0.5192419910795784
135081,-0.1988032102699786,0.5578629474609323,-0.834621078459403,0.0013945624145488527
135726,0.5260591011857718,0.09647157359568759,0.356158984954362,0.28235061407512324
136172,0.5226651205911726,0.09903611235120718,-0.46163692380690535,0.15290526233260948
136215,-0.11071725806298359,0.7458797934017385,-0.8948295906585003,0.0001991685233028006
136950,-0.40442580575585974,0.2173121736813036,0.32322655172778014,0.33226449014438564
137032,-0.5514878541236236,0.0786363299332704,-0.18585893203750314,0.5842741339597393
137078,0.4836102849557463,0.13178513205176995,0.6331255554189357,0.03652714199618733
137351,-0.13095904053289678,0.7011225714902556,-0.9459511481812068,1.073990798179072e-05
137546,0.21602692753922992,0.5234852404356846,0.5921917691646219,0.05491415540332837
137847,0.24474400392105766,0.4682541695581671,-0.4906141460858393,0.12546617450064096
138293,0.08927968746036025,0.7940596425213237,0.6191548239480358,0.04222701676097634
138354,0.2769068577508327,0.40974899641558576,0.7774920703685526,0.0048535235895308705
138716,-0.39426339832349155,0.2301929804795652,-0.8607404044353287,0.0006694307327959005
138813,0.09123863290100334,0.789627538513675,0.6117578174752973,0.045481215286095
138947,-0.6384574922321743,0.034500885072704955,-0.6752014905353076,0.02262120267930058
139311,0.7454024316003629,0.008461824119669668,0.8084902695603814,0.002592603662453984
139366,0.4187707867133952,0.1998712166736227,0.9607231893877879,2.608692955086776e-06
139579,-0.0671665176238701,0.8444425505235804,0.6089390733389218,0.04676551921767359
139658,-0.6331775704810518,0.036506984005280095,-0.8170464029564699,0.00213859546723951
139719,-0.6953401638199548,0.017521931665671526,0.18335138771169154,0.5894450265178869
139755,-0.3698997258081075,0.26284265870833806,0.4541594367428968,0.16054553487208806
139764,-0.0132579352775751,0.9691390788172496,0.2019991685022339,0.5514165508013811
139861,0.04597982792699981,0.8932129523057145,-0.16051163374077804,0.637313046932096
139931,0.17686989484803844,0.6028901697957563,0.7434888225294374,0.008725380379549993
139940,-0.7153728237123222,0.013323836331741395,0.9123965348340626,8.98205622944242e-05
139959,0.24381771640567,0.469992945922783,0.7080976978912712,0.014753444846724487
140340,0.24946550671341466,0.4594369535114948,0.4399004182053317,0.17575964931170696
140447,-0.10486278844732455,0.7589638166489726,-0.9213964986089024,5.588481049020952e-05
140553,-0.34883536867468956,0.2930674971610601,-0.3896278519731075,0.23621301645071394
140960,-0.5288531894797243,0.09439330589307747,-0.9412806894470784,1.548848911704949e-05
140988,0.2916674064295114,0.3841624851607242,0.8248371893067964,0.0017793929217352498
141060,0.4784531786983395,0.13656480773845167,0.6229830224772948,0.040607859875277305
141264,0.20929339016836673,0.5368178577586081,0.9258068784754154,4.3377503757527705e-05
141334,-0.3747340725188228,0.25616627732063846,0.9717109480601578,6.053584665866418e-07
141565,-0.2659745979248923,0.4292198809118825,0.7960935939478335,0.003372863377551883
141574,-0.2350885495733018,0.4865214685388178,0.7352516991521694,0.009928611322107275
141644,0.686569752288122,0.019628846136160696,0.07888161352338238,0.8176740765576634
142115,0.20819488255694582,0.5390061464767276,0.4947281182281526,0.1218464702997889
142276,0.06937837940228374,0.8393764033261236,-0.3355602450708519,0.31305431029085684
142285,0.16511331486792727,0.6275609121124011,0.6864577460501765,0.019656867780274215
142328,6.938893903907228e-18,0.9999999999999998,0.1062457263724991,0.7558678681835728
142522,-0.26498361575656704,0.4310063469747329,0.18697982383095046,0.5819683346830449
143118,-0.07118890755495422,0.8352335488004207,-0.0377355425221802,0.9122895529352676
143288,-0.09999999999999996,0.7698749998921364,0.2031694926426651,0.5490635117161508
143358,-0.24961369407730705,0.4591614637044497,-0.04109345330959466,0.9045140842833002
144005,-0.40082602305125015,0.22182508813064453,-0.9502355492964563,7.452718182810975e-06
144050,0.7962954813347625,0.003358911793757627,0.17543908408764608,0.6058734190879648
144351,-0.09891072931883856,0.7723243320235577,-0.5326134581636672,0.09164312853263991
144740,-0.4111348118109783,0.20904718491727933,0.37869305157360394,0.25077161469737175
144883,-0.5442178003950319,0.08349037506825818,-0.7398151786585565,0.009248042737807945
144892,0.7006941886408673,0.01631838173755352,0.9128760063059672,8.769163209164381e-05
144962,-0.3495297827887509,0.29204185656908555,0.23970739761133616,0.4777437943272172
145336,-0.12323412745742512,0.7181110404215206,-0.6343931829402006,0.03603808929701834
145600,-0.46531860789105955,0.1492283958586007,0.5182544272674136,0.10243496027546772
145619,-0.1255851282336336,0.712928251384108,-0.8024973556506512,0.0029507988748873988
145637,0.5841992612466235,0.05912440753830983,-0.1132758733500017,0.7401802564726887
145691,0.0466252404120157,0.8917215423818392,0.6732850935220616,0.023155769510426787
145725,-0.04549535517478043,0.8943326692517324,0.4146450953468903,0.20479842913363164
145813,0.510086639684656,0.10892789273844493,0.9614670793232115,2.39620003709574e-06
146427,0.21025189669075794,0.5349114649259119,0.6376986886762466,0.03478433403537864
146481,0.3108783804193217,0.3521063181029371,0.3653237226622785,0.26925211040711716
146612,-0.5321470567254036,0.09198134116122014,-0.9107511769480361,9.742787824755736e-05
146719,-0.564105814435113,0.07066533805760827,0.2546391004423742,0.4498641327081674
147013,-0.040622512143681844,0.9056041408958309,-0.19748571678489446,0.5605291243131774
147341,0.3726779962499649,0.25899384668755,0.4703320065792727,0.1443113304216341
147660,0.2793104783995617,0.4055269195142175,0.2653519893936769,0.4303418581872355
147703,0.09949068284995333,0.7710200159999931,0.8338755837683722,0.0014214576388470886
147767,0.4134821406596476,0.20620028317088365,0.7021728138244316,0.015996735530319946
147776,-0.43516288630872035,0.1810026402309256,-0.17082653286172395,0.6155272835052537
147828,0.701432663169989,0.016157166328400415,-0.4530026086309983,0.16174826588570904
148016,0.29999999999999993,0.37008312228206774,0.4772556784525846,0.13769013585307474
148131,0.29999999999999993,0.37008312228206774,-0.3910288607403489,0.23438403336348926
148487,0.2801287683946653,0.40409444573769354,-0.8753158448266225,0.0004160774459249752
148496,0.18481698994142473,0.5864206511513772,-0.5334773511558307,0.09101883910657488
148584,-0.23003106685886857,0.4962140153306825,0.022698945644280072,0.9471838556076047
148627,-0.20013904566638413,0.5551648439710757,-0.868832892754698,0.0005176105803639897
148654,0.7882629246931795,0.003947943517972992,0.5129196268389024,0.10664641814956906
149222,0.014166906875257944,0.9670241954683948,-0.5320502628414021,0.09205163439824883
149231,0.6080803571274296,0.04716168628345301,0.94323490991504,1.3338369066360201e-05
149772,0.5946656423063186,0.05365365133679128,0.9809306177816615,1.0399894223416986e-07
149781,0.49999999999999994,0.1173068030142382,-0.025002259629609277,0.9418319357067125
150066,0.10888374581677823,0.74997115981302,0.39225294637787494,0.23279278122880306
150136,0.40234044741982966,0.21991985166523875,0.8476760549199853,0.0009825633347327277
150163,0.02455264945803423,0.9428764747628955,0.4237302462280785,0.19404319608217316
150400,-0.24477451923977123,0.4681969377233721,-0.43500828076006054,0.18117532686871746
150455,0.05253249654893287,0.878086310082293,0.27736434798284193,0.4089437434697758
150534,-6.938893903907228e-18,0.9999999999999998,0.4548636606833871,0.15981609008117054
150604,0.4373905164334303,0.17852561963732896,0.31131859693405883,0.3513885866861254
150756,0.46114092078361624,0.15340489429018309,0.5874734966051088,0.05737399096931876
151102,-0.11779816748240582,0.7301352280320166,-0.044249208825532516,0.8972135627433351
151111,0.5358928617074659,0.08928817081990068,0.6087999626638425,0.04682954150961562
151263,0.3999999999999999,0.22286835013351997,0.13206364025744227,0.6987031721623327
151290,0.21295296321482415,0.5295544169898792,-0.38187352402788777,0.24648535493348195
151306,-0.046153846153846156,0.8928108027274748,0.43943697277518506,0.17626839029569685
151324,-0.09586141825916944,0.7791908696699866,0.844537083092046,0.0010718999293330871
151333,0.22795753232178942,0.5002121646276759,-0.3817304742131671,0.24667722900571304
151342,-0.10373282256786141,0.7614958049181428,0.5725394461306696,0.0656518898377536
151351,-0.2165881977315257,0.5223802571333133,0.3362885940073863,0.31193909322250385
151360,-0.5581455487067395,0.07435952884692551,-0.7426781313340678,0.00883881986345528
151379,0.29847407837942164,0.3726414870889304,-0.6325571343062799,0.0367479346221575
151801,0.497747736296976,0.11923270566815776,-0.8249578849172666,0.0017742100415561173
152080,-0.13897774616549713,0.683617096670399,0.49445364384676904,0.12208585852055755
152318,-0.262268033288679,0.4359198820863408,0.2544456697033558,0.4502203594883675
152530,0.5217491947499507,0.09973576000996559,0.6186149008360662,0.04245891991556425
152567,-0.3999999999999999,0.22286835013351997,0.011947757825854902,0.9721877494238533
152600,0.5590049178681561,0.07381908867963356,0.5501855328851835,0.07949166586899706
153001,-0.558721469169805,0.073997052236265,0.3789940842322982,0.2503641015682489
153108,-0.18892235936211538,0.5779806277608726,0.014877376765750669,0.9653712936222862
153144,0.36810577112571796,0.2653449892286654,0.34146522781586247,0.30407500160217504
153162,0.5739130434782607,0.06485876214937941,0.12815417251114364,0.7072772223203315
153269,0.20789580402928817,0.5396025630545457,0.3067869665431504,0.3588133442701926
153278,0.20561378825763726,0.544162227301825,0.054116719170319044,0.8744344884301005
153302,0.12023774168922394,0.7247320439407606,0.6055034387442543,0.048364400871670155
153366,0.09205514339090318,0.7877818311351981,-0.029097837274510346,0.9323210169426192
153375,0.08713212091060815,0.7989247854197512,0.13131275164914355,0.7003475674219775
153384,-0.036765335492173756,0.9145374462454747,0.24020270864540993,0.47680675397410865
153603,0.5123771589239383,0.10708085586293072,0.7676584200018816,0.005806275367867846
153658,0.20968680068381604,0.5360350561518991,0.7565483023400472,0.0070406034949429454
153825,0.11447742052798862,0.7375077289500942,0.5048609140916769,0.11321879878316399
153834,0.4999999999999999,0.11730680301423828,0.29759549865742085,0.3741185870765032
154004,0.3999999999999999,0.22286835013351997,0.47379365268040635,0.1409764089185851
154095,0.29999999999999993,0.37008312228206774,0.6776816987120156,0.02194245445751315
154235,-0.06914947580813233,0.8399004437273034,0.3276954951150376,0.32523320378568527
154350,0.4238171773920084,0.19394196434864652,-0.09222087729575482,0.7874073118781402
154493,0.09336203943810795,0.7848296572750959,0.30250855631845,0.36589682440372706
154527,-0.022707081992525968,0.9471649466359708,-0.14087475706888725,0.679495789140814
154688,-0.4891748515594705,0.12674858260835153,-0.16686925794295088,0.6238535691698825
155025,0.10547935178552462,0.7575831366456965,0.04620062421261158,0.8927027042530743
155061,0.7626369587068511,0.006342583603580797,0.8151652412391576,0.0022328803743728617
155089,-0.40660288583245785,0.21460936841805506,0.3458863963899319,0.29744515656546316
155317,0.022629530790059388,0.9473451775610837,0.815211115994549,0.0022305448966830825
155335,0.09999999999999995,0.7698749998921364,-0.029583083016087783,0.9311946636052166
155399,0.38137584209067366,0.24715327074476842,0.3056953293993221,0.3606139221690411
155414,0.13362959313221914,0.6952775846180081,0.23841562187008009,0.4801914903479864
155681,-0.01872918631943818,0.9564123720359436,0.36144008461276783,0.274760162460857
155900,0.3497236795161023,0.29175582776792236,0.07858248152275539,0.8183555254981134
156082,0.1871200000067889,0.5816802227323139,0.19953191085021174,0.5563904774526013
156286,0.29464579328026697,0.37909943009734537,0.6950708163796969,0.017584109870912665
156295,0.5247074740918478,0.09748760296933368,-0.15814881819289234,0.6423407000745737
156365,0.1337052540929751,0.6951122019502675,-0.3658841491246348,0.26846245246002987
156408,-0.4999999999999999,0.11730680301423828,-0.00481937138964017,0.988779798013228
156620,0.21752119216782098,0.5205456362364268,0.6986772226419592,0.01676458285022906
157058,-0.005054744327805949,0.9882318472711391,0.3616860782624717,0.27440941777349537
157085,0.5401091199416743,0.08631962098559277,0.8434015776916866,0.0011056745547538991
157386,0.3107649368231246,0.35229140059338865,-0.1947039228268458,0.5661751483212927
157401,-0.18312921145818664,0.5899040184699079,-0.4046670195396325,0.2170117264491621
157447,0.22909150538044673,0.4980239218280648,0.9052722247482337,0.0001263549284875198
157535,0.3726779962499649,0.25899384668755,0.2811916163580806,0.40223757735910226
157818,-0.2859154929577465,0.39403574471259173,0.17857570949082346,0.5993406612531322
157951,0.7685890917275872,0.005710663581241175,0.08715117581596347,0.7988815895533743
158802,-0.036235526008740776,0.9157652113388725,-0.8011569169077521,0.0030357022003439237
159009,-0.4425209874295666,0.17289987103705973,0.3277714640026703,0.325114369658751
159391,-0.20327734568558842,0.5488468688568154,0.9200414861639814,6.023213227107893e-05
159416,-0.14518269984634605,0.6701660015389199,-0.11737816553202597,0.7310665701596434
159647,-0.04925148805076378,0.8856561391928918,-0.5235330399787915,0.09837610517197219
159717,-0.18486130693210565,0.586329292055269,-0.4503304060340571,0.1645477786842186
159939,-0.00033382316405087403,0.9992227898547954,-0.05471950405808482,0.8730455711966982
159993,0.04597693781670602,0.8932196314327112,-0.6280751085040627,0.03852156968984753
160038,-0.18037687060764013,0.5956012306108475,0.05898637775460054,0.8632233779907921
160612,0.23204685249010995,0.4923407034047313,0.47465112303256113,0.1401579082529769
160621,-0.1728148010627591,0.6113591082216878,-0.7901078998958331,0.0038063749287644117
160658,0.5638090117032656,0.07084631713534367,0.5965021931090398,0.05273077313026511
160755,-0.630228254319442,0.037662259175314405,-0.06314804536833707,0.8536600692360021
160904,0.08641504032586036,0.8005507135181978,-0.49979515864799956,0.11748112880737296
161004,0.7911037337817123,0.00373154289987368,0.6196496608362818,0.04201525010092573
161086,0.3570188170200169,0.2811069173697873,0.44283448428742467,0.17255968203263689
161217,0.16048058058192943,0.6373790342142267,0.5531812537352478,0.07753334831820603
161226,0.3,0.3700831222820675,0.7394239250394782,0.00930501978097038
161235,0.3999999999999999,0.22286835013351997,0.5786099437601275,0.06219570003064319
161253,0.3999999999999999,0.22286835013351997,0.5357635861620241,0.08938023978028131
161554,0.3255694396100649,0.3285682831130021,0.869431696303224,0.0005075189125403361
161563,0.37379562209551487,0.25745466578636456,0.6408613094188949,0.03361360551894075
161873,0.05218797516810292,0.8788807575446114,0.8702481523183166,0.0004939998162762059
162007,-0.6894620544348695,0.01891508285011956,-0.9197505470131443,6.119837766390166e-05
162061,0.07045545663168135,0.8369113855969874,-0.36686664669532476,0.26708123922803867
162210,-0.4513972599711201,0.1634265336771559,0.032388784841702954,0.9246843419769777
162283,-0.5148947921807906,0.10507428050181329,-0.7796664777843734,0.004659482639120887
162584,0.6960476672813034,0.017359356422286896,0.7382405924056967,0.009478900377918958
162654,0.7853553513056594,0.004178903315964316,0.8430661283151702,0.0011158034976690284
162760,0.38781137254571413,0.23859668071909784,0.4033061715190323,0.2187099627794928
162928,-0.3977111683564879,0.22577415734914388,0.46273177550290107,0.15180599860485725
163046,-0.02877370420648353,0.9330734574236103,0.4255446121428651,0.19193695623211698
163204,-0.17751278525210806,0.60155151178819,0.22409888703067207,0.5076894685815486
163268,0.2614233502807752,0.4374536253672031,0.8367057101084787,0.00132137836595297
163286,0.3365851956999054,0.3114855662983056,0.7347345705477327,0.010007964270411528
163338,-0.1993179193525054,0.5568227240050572,-0.4266152515122285,0.1907005853897556
163453,0.066661994297652,0.8455988811277736,-0.4861376404015041,0.12948210112330005
163462,0.4512774881740205,0.16355217565481886,0.8123164152006888,0.002381521811895837
163851,0.07442222353531724,0.827844469625463,0.7815823480281137,0.004493310426622726
163912,0.09487852749095552,0.7814072209430099,0.5223892898686895,0.09924647209000066
164076,0.8274060898197624,0.0016714961798953477,0.9789997151334935,1.6007285786889126e-07
164155,-0.11973856112803509,0.7258367239649695,0.4740932241681879,0.14069011050510555
164173,0.8180348265740717,0.002090262360632811,0.7245917245083733,0.011659341903147635
164216,-0.18968470111700855,0.5764185589605652,0.6576372788643223,0.0278609344525094
164270,0.49767029415354225,0.11929928498116042,0.9437330212030555,1.2829045242652081e-05
164465,0.46854140554194096,0.14605566340460474,0.12141023912702384,0.7221391774726309
164562,0.3499277083540775,0.2914550194578729,0.7890353459616279,0.0038882083805761637
164739,-0.16849656218331704,0.6204247973409996,-0.07964321999460422,0.8159395824112662
164924,-0.3478080654432908,0.2945884452050864,-0.7200539474982491,0.012458588932971183
164988,-0.2369623369521232,0.4829519133906491,0.7406593603835744,0.009125973122336881
165015,0.17358492514359875,0.6097473993797381,0.5135655758938593,0.10613060276123701
165024,0.6055221575897034,0.04835558907389151,0.9380098138251001,1.9672848437685333e-05
165334,-0.4007272070387803,0.2219497406615174,0.5960234831375806,0.052970273149446474
165529,0.5769787811592753,0.06311198500166214,0.9181052355321742,6.688799717183e-05
165699,0.19999999999999993,0.5554454421055853,0.4085073281785059,0.21226143022674462
165820,0.5534279565813779,0.07737352704393499,0.9255039127442417,4.416060154127255e-05
165866,0.058276501803857766,0.8648563175851125,0.9200208831642958,6.030017062851938e-05
165936,0.4911649701357438,0.12497759398494822,0.8000557650409063,0.003106795401933091
166018,0.0,0.9999999999999998,0.743712347483919,0.008694290269250483
166027,0.0463671809129681,0.892317825044057,0.5638091249314807,0.07084624803376513
166513,0.6012035166395862,0.05041794833512924,0.23574719264752722,0.48526542349526575
166629,-0.2733951844938618,0.4159557884087842,0.7457652143185008,0.008412521744254222
166638,0.6195733541381396,0.04204785767552658,0.5979972008250842,0.05198758857023379
166683,-0.5279769525969966,0.09504186267490791,-0.3065057446462851,0.3592767551231771
166850,0.29999999999999993,0.37008312228206774,0.47055883620633054,0.14409130110028712
166939,0.7214492722196699,0.012208738206050776,0.3156804324837446,0.3443182873943633
167288,0.220278387249204,0.5151399549641908,0.5627578585618075,0.07148977361949921
167358,-0.694486254848146,0.017719597823686078,-0.4076907853777568,0.21326625154607323
167394,0.44459696422204087,0.17065478726998037,0.5746838186229628,0.06441655779908617
167729,0.26815953278270627,0.4252935800079241,0.5780601832327715,0.06250350747349785
167792,0.3,0.3700831222820675,0.2520955108516671,0.4545589348078517
167835,0.7262349005849345,0.011379306063344766,0.45492724126419265,0.15975033381990023
167987,0.4237922020752084,0.19397104496037534,0.9532123027201379,5.670949195642771e-06
168005,-0.5572357082769923,0.07493458888618917,0.668981583299053,0.02438877907632482
168148,0.1968730815641972,0.5617706224465476,-0.28459120579800506,0.3963265972680993
168218,0.24628054855933015,0.4653763227014132,0.329504890674176,0.32240917111704337
168227,-0.0937235545711202,0.7840134709309753,0.0018147390655001983,0.9957749235859886
168254,-0.6310279326366772,0.03734653821639452,0.2917581460783844,0.38400773435708707
168263,0.16411530202727326,0.6296714837834583,0.7910087557097865,0.0037386326444673935
168281,0.3769099286659286,0.2531932453639548,-0.06593024255149499,0.8472764881020036
168342,0.7741190523081524,0.005166228946186064,0.4318670936852499,0.1847056043616326
168421,-0.46577801739925595,0.14877351033718114,-0.6607082133210997,0.02688865899943315
168430,0.2928830997190339,0.38209180085488775,0.8202769987257624,0.001983647281173622
168740,-0.17870693556398476,0.599067924934231,-0.4431536003580072,0.1722138174815548
168847,-0.39889365276354666,0.22427016619615173,-0.8971783547659684,0.00018055082356025696
169080,0.5139231149351429,0.10584579243457547,0.6286391870220532,0.03829514393081232
169248,0.5892664075219869,0.05643060948306123,0.8533238852888652,0.0008360637971309673
169479,-0.6198871622301173,0.04191387246669305,-0.6536810275805157,0.02914969941822878
169798,0.18805495761654556,0.5797599556410237,0.5723990603427832,0.06573331685049941
169910,-0.3878456544291738,0.2385515660388006,0.17105493932325833,0.6150479341489796
169983,0.23235310821046284,0.49175340495272074,-0.4433241425173286,0.17202915496896198
170082,0.6328127211318688,0.036648541917239874,-0.4301456785104196,0.186657825964256
170301,0.5761970299870555,0.06355434498847903,0.5204689844481564,0.10071907567164669
170532,-0.022667443227757024,0.9472570678348368,0.6621338002412895,0.026445554617108784
170639,-0.12900197453512974,0.7054152349389412,0.004622281327383822,0.9892386291627061
170675,0.01109424504430799,0.9741739825139998,-0.665437125363975,0.025438671697294916
170806,-0.4472135954999578,0.16785065605707494,-0.7572428779041847,0.006958260221266972
170976,-0.5562039826505373,0.0755902767363551,-0.23649000884774699,0.48385059228714244
171100,0.4472679048736944,0.16779275777901967,0.3157981729381719,0.3441284779547656
171128,-0.31188592298961815,0.350464739096653,-0.7285817774665935,0.010987838556351055
171137,0.26902347149218897,0.42374586419956056,-0.6131630376759722,0.04485013421076935
171146,0.07738304656305198,0.8210890726640038,0.3521022831017079,0.28825959837922077
171456,0.20253943857946305,0.5503297845275265,0.48139242269533483,0.13382744432596166
171492,-0.39210350390472426,0.232986711191092,-0.7385117756656641,0.009438845199978233
171571,0.424506071360897,0.19314086933338934,-0.4713706604156482,0.1433055442776862
172051,0.03791189733648882,0.9118810142376853,0.49183336791138893,0.12438636124165313
172264,-0.21303991747403345,0.5293823333086833,-0.8860377026731142,0.00028211464214812035
172608,0.4397565230937991,0.17591751194773794,-0.6456965511962939,0.031877431740808496
172644,-0.6249489301080798,0.03979334100855763,-0.9614426320277089,2.4029635279390072e-06
172699,0.5840019141433788,0.05923105524778944,0.9157855561377608,7.558692748427317e-05
173045,0.03987663423040444,0.9073308740831137,0.7789466629312087,0.004723072024799173
173258,0.13820926766031638,0.6852888517733585,0.44851346525525376,0.1664682641714303
173647,0.1926190167667709,0.5704213746417575,-0.19177560664859197,0.5721426398584951
173902,0.6033610972462913,0.04938020582676105,0.08123876150283282,0.8123082823432867
173920,0.249705879751209,0.45899012300238945,0.7880921107484411,0.003961244534488649
174020,0.9423292714901468,1.4304107653576353e-05,0.9604038508824494,2.7042493701294063e-06
174066,0.5716622307437913,0.06616181321048502,0.33154041036020887,0.31924798046909375
174233,0.6436208796901473,0.03261484028277398,0.9069077843197879,0.00011711383818474351
174251,0.22180011689995555,0.5121668001821089,-0.5046810191407647,0.11336842537370283
174358,0.7270856213697147,0.01123625409869953,0.8806047667500552,0.00034507227527680106
174783,0.9271898552223555,3.993704155242101e-05,0.964946764585798,1.5730763694249513e-06
174792,0.40763686856082854,0.2133326994847961,0.8841292597330195,0.0003031395100368245
174817,0.7438020566016751,0.008681835360981795,0.68967668768429,0.018862865940802987
174844,0.42927934152670033,0.1876450321908334,0.23498789281484395,0.4867135500030722
174899,-0.4329577290380321,0.18347517970106225,0.8519094105318388,0.0008710944031111578
174914,-0.24941794892973418,0.4595253825966107,0.020366066064042065,0.9526064704451384
175078,-0.25310889214716586,0.45268578596663794,0.8096936227597935,0.002524774448463571
175272,0.0395981389785516,0.9079756929218381,0.6251513347862814,0.03971012967138155
175856,-0.6681796100037958,0.02462359109592263,-0.6496579990430104,0.030502662625767635
176017,-0.3202709748938681,0.33695858709465343,-0.24824310448001113,0.46171237523318354
176044,0.20919347232600866,0.5370167477837334,0.12870392102339503,0.7060696710131045
176053,-0.1300306216256366,0.7031580126145618,-0.19218397828187567,0.5713089653926103
176080,-0.4325153610962617,0.18397364474125907,0.6982537084305878,0.016859374139816967
176318,-0.002971404121118161,0.993082020096717,0.8093215309746407,0.0025456052487708245
176372,-0.7175659959028806,0.012913229572814326,0.2761431156422917,0.4110950233031664
176628,-0.02071812452736535,0.9517880145762794,0.8228674318623683,0.0018655880247606205
176947,-0.0972489406939793,0.7760646156864699,0.6418395935810424,0.03325712302266312
176965,-0.339647556631515,0.30682388827170703,0.8658595662612987,0.0005699868227145302
177065,-0.2053306314774542,0.5447290941221341,0.28608857323693127,0.3937368248051278
177339,0.1218543591689884,0.7211577314415157,0.3991190940178675,0.22398409844756906
177418,-0.47881019850249484,0.13623043519533867,-0.8801345695181244,0.00035098244622152366
177542,-0.29999999999999993,0.37008312228206774,-0.031764124289147114,0.9261334518553436
177940,0.12790383757754073,0.7078272968921963,0.4766300297454705,0.13828040154403692
177968,0.3149799738022798,0.34544863081100485,-0.7846599474506053,0.004235590003236658
178341,0.5712205579302752,0.06641956530378239,0.689253587822079,0.018965898307857675
178369,-0.48316065425021026,0.13219756206240268,-0.6741280940799257,0.022919527507117975
178387,-0.6875551643752836,0.019383543825274328,0.806356991620533,0.002716170995156687
178396,0.45047186522272603,0.16439883500955516,0.6397749906722954,0.03401257814308195
178402,0.019815226486318796,0.9538871293880695,0.055243982180087386,0.8718373473850953
178411,0.053695528568932865,0.8754051710546276,-0.6596018106429827,0.02723614662155846
178420,0.35514343975352647,0.28382347826758164,-0.243162770317829,0.4712241407023783
178615,0.12648672313317294,0.7109435563000703,-0.4341877417084721,0.18209350673911645
178624,-0.25507139956351366,0.4490684748486896,0.634817064209224,0.03587557935072086
178697,6.938893903907228e-18,0.9999999999999998,-0.12222451479129667,0.7203400251542584
178721,0.10401118300574655,0.760871868657538,-0.28690701361009974,0.39232485853033894
179159,-0.014867676728690521,0.965393859861414,-0.5359015943552007,0.08928195375922147
179326,-0.09999999999999996,0.7698749998921364,0.527968821665983,0.095047894536948
179557,0.36954045433239036,0.26334272006778114,0.51384265701025,0.10590984065137048
179566,0.2337544913057098,0.4890699582375826,0.8631569752827346,0.0006209812511031661
179867,0.056161442489885346,0.8697244152077164,0.36111743551317604,0.27522058544496025
179894,0.1940180652858236,0.5675706239441433,0.08892800376660465,0.7948559078862796
179946,-0.00488686894803092,0.9886226625140261,0.36965874667754134,0.2631780123153747
180461,-0.30151821872039614,0.3675465972321659,-0.23130634135286549,0.4937620376515365
180489,-0.19999999999999996,0.5554454421055853,0.6809480717758246,0.021070820053706245
180814,0.22442529859158966,0.5070550870536875,-0.6338103479059083,0.036262377181200595
181002,-0.2596782479539748,0.44063037595315,-0.294211279459471,0.37983596347317755
181020,0.04997507640892973,0.8839859432695484,-0.18638266739343579,0.5831963171278083
181127,-0.07453559924999298,0.8275855965776872,0.5561297401150218,0.07563760716677453
181215,-0.29999999999999993,0.37008312228206774,0.8319817764837069,0.0014915287973977318
181394,-0.19827181709756383,0.5589377035091169,0.8270139947771487,0.0016876393345558142
181464,0.794757925128982,0.003466251128621648,0.2860298851253942,0.39383817001414007
181534,0.5279930656716404,0.0950299100699649,0.5133497524863633,0.10630276535393583
181738,0.17777777777777776,0.6010000523646946,0.5930969715684898,0.054450610418293174
181783,0.3470254532281841,0.2957500306368468,0.5975381091475855,0.0522150400141362
182281,-0.1970329754633216,0.5614464940083506,0.2886964096963849,0.3892466146739634
182290,0.34986254718747056,0.2915510706980398,0.6970899632171724,0.01712182284480666
182670,0.2146683485528805,0.5261639713055919,-0.4184503563789145,0.2002513288669492
182980,0.48832849496790975,0.12750657538120358,0.8729489452718917,0.00045121304912339356
183026,0.8770754059968973,0.0003913316165837514,0.9391616529210246,1.8111123083855347e-05
183044,0.6861516449167968,0.019733593557986207,-0.6102660928017839,0.04615781867970094
183062,0.1,0.7698749998921364,0.8222367014414018,0.001893836526256047
183071,-0.10210549404852615,0.7651459521464873,-0.04828409834976854,0.8878897319838704
183080,-0.1568372817876924,0.6451372578623269,0.7393062871142164,0.009322200882988208
183239,0.26846260316535275,0.4247503315827328,0.37940549143791613,0.24980778682145646
183822,0.31479453016964365,0.34574820951950613,0.10640635900974685,0.7555084718289374
184348,0.039927805635030476,0.9072123989284969,-0.016495307370364823,0.9616076582603295
184603,-0.36815784417059855,0.2652721650593101,-0.7302281284573097,0.010719114955962348
184612,0.10569283789830874,0.7571052217594063,0.6150417356245255,0.04401589313891264
184782,0.46590689756257536,0.1486460554644587,0.8625164343792192,0.0006335564862239438
185129,-0.23481759032222946,0.4870386118151005,0.009102349459312903,0.9788098722837346
185262,0.29351121845650036,0.3810241374246313,0.8192448816935033,0.0020322070017589977
185572,0.20616775378696794,0.5430539115395757,0.4239077669714427,0.19383650622945292
185590,0.028518810628515454,0.9336652003459026,0.7813922722293318,0.004509598017058626
185828,0.06890062055345153,0.840470226648436,-0.5651180351342753,0.07005046056170157
186201,-0.03583659053314561,0.91668980198475,0.21705520592621225,0.5214616007490825
186283,0.44831905517706255,0.1666745682378032,0.8800981812997273,0.0003514430091127019
186371,0.06953308711233966,0.839022256396671,0.4318936418236708,0.1846755941551814
186380,-0.3084667396709881,0.35605177048515546,-0.5329999146499023,0.09136350952385475
186399,0.22708288238115745,0.5019028448289043,-0.6567437484322532,0.028148422862000713
186432,0.4297656946158316,0.18709043584038773,-0.7867159854872574,0.004069613912729452
186867,-0.4894057339709207,0.1265423059661274,-0.588967189219992,0.0565873098262046
186876,-0.3718011693757184,0.26020505662712784,0.5739724244538089,0.06482462175459777
187134,0.08385302337657966,0.8063656669118526,0.3314669933109188,0.31936170753134663
187444,0.7202648752061512,0.012420584554146257,0.9220080778871435,5.400330060267887e-05
187897,1.3877787807814457e-17,0.9999999999999998,-0.7722692883753082,0.0053438858404346356
187967,0.49999999999999994,0.1173068030142382,-0.33293091433705757,0.3170981255787281
187985,-0.30776242734195075,0.3572083278550419,-0.35966367574050306,0.27730047025758875
188030,0.3858309076579511,0.24121134430778543,0.16500426625923495,0.6277914037947828
188429,0.22946771754787806,0.4972988663892224,-0.8507934824824089,0.000899502272794749
189097,0.4912799469601411,0.12487576330411804,0.5914143065447505,0.0553144305328718
189705,0.11822115035531816,0.7291976063191264,0.7530429253325688,0.007467103286213837
190044,-0.08483717749782228,0.804130897325114,-0.3881619423907721,0.23813556679290698
190099,0.45555974867085114,0.1590970964766113,0.05802938186989143,0.8654248833715924
190150,-0.2419430507978805,0.47352090832406196,-0.4452119266300302,0.169993188485141
190415,0.6755120996565606,0.022535393445347524,0.7983898713145119,0.0032166895423456207
190512,-0.5614510063673861,0.07229520970386065,-0.5271482615084295,0.0956579131822807
190549,-0.665200905252733,0.025509758442925707,-0.8938052881804676,0.00020773020671766468
190558,0.038826161227533997,0.9097633646434575,0.8333273760048173,0.0014414820134899312
190567,-0.3418614070841953,0.3034776440095995,-0.9624212821501298,2.143483336006418e-06
190594,-0.5699245094224679,0.06717982349736022,-0.6314150791994266,0.0371943530348675
190600,-0.5826874739705408,0.05994472411763278,-0.8787466209343493,0.0003688768269383308
190637,-0.12015216487431868,0.7249213909186347,-0.5226929275542025,0.09901492182675721
190646,-0.2936712011675032,0.38075244275057074,-0.9359937289235631,2.265330399743305e-05
190655,-0.8636122248948288,0.0006121589759541772,-0.9546249117450527,4.950347500171702e-06
190664,0.03801678960025271,0.911638032788569,0.40183692192885506,0.22055224372365634
190691,-0.5441932337732691,0.08350710626711375,-0.9703774192872414,7.433520883410491e-07
190761,0.4240132474847374,0.1937137566546565,0.0692916558012869,0.8395749371089725
191241,-0.709819933075749,0.014405493334778585,-0.795234338673925,0.003432724008866361
191515,0.45842691819666975,0.15615677116314094,0.49877047656815016,0.11835566444387785
191533,0.4944797400319038,0.12206308526463491,0.8318857378811677,0.0014951498415322348
191621,-0.4863194066737752,0.1293174631971234,-0.5938246417454777,0.054079921053057714
191630,0.03078512665252696,0.9284049694117491,0.6361060382003598,0.03538454720523779
191649,0.2546406138410786,0.44986134611372824,0.27009059315224504,0.42183789774003766
191676,0.3999999999999999,0.22286835013351997,0.465123560931314,0.14942178507825457
191931,-0.3836282934608549,0.24413865540898497,0.8632721753356349,0.0006187397742792978
191968,0.5431826965404514,0.0841972659959957,0.8458024495801062,0.0010351827856562034
192448,0.38370590908446106,0.2440351565462346,0.8339578706960641,0.0014184700405978658
192703,0.09288596250836309,0.7859047844530691,0.7379610839923805,0.009520314533691546
192819,0.5846384167956628,0.05888755341165526,0.573184806305987,0.06527844204150378
193016,0.1251876230927522,0.7138037942209682,0.6858592243069042,0.019807089600193204
193292,-0.0596095120379522,0.8617903673198439,-0.800531800363895,0.0030759113520887837
193308,-0.5169102724181921,0.10348567714729469,-0.7502699051770758,0.00781764840143101
193353,0.004115877674054108,0.9904175640781597,-0.42322356137288036,0.1946338661303438
193900,0.37195830097758015,0.259987765723172,0.9137906470623429,8.373762265153117e-05
193973,-0.23577792105603596,0.48520685907891364,0.4695234035927385,0.1450974094645161
194091,0.1845756081907345,0.5869183527480023,0.007699046298115315,0.9820762471672397
194310,-0.2861122602111371,0.39369592477186194,0.14950678297522052,0.660843126876407
194824,0.37439503409965313,0.25663131449415993,0.4302789580596358,0.18650623159877197
195003,0.39351122972770314,0.23116364884588533,0.0569618997061796,0.8678815677816001
195030,0.7824442770085774,0.004419996175609948,0.748155478855704,0.008092906547328567
195128,0.43851691983791147,0.1772810319643993,0.6447477530364596,0.032213037986928095
195164,0.3999999999999999,0.22286835013351997,0.12439833982690837,0.71554318327517
195173,0.0037632668797942387,0.9912384712390044,0.47570302717902924,0.13915791371010147
195216,0.3999999999999999,0.22286835013351997,-0.026897686778194714,0.9374293810525343
195234,0.6910948441810398,0.018520436145428715,0.9179881384634827,6.730781247748386e-05
195243,0.40274531837029987,0.21941213809486634,0.6691304747709171,0.024345359982998614
195474,-0.5241540756663976,0.09790561144944858,0.5669650593928541,0.06893776713570808
195526,-0.08795989942670848,0.7970487490057124,0.6821144210855707,0.02076564224269002
195544,-0.08962569225356946,0.7932764071935162,0.2902854170698214,0.3865232518771521
195720,0.08169014084507037,0.8112815849422905,-0.5554808839747982,0.07605210350609865
195809,-0.5010113928700802,0.1164485196185693,-0.244123436125424,0.4694187417901455
196006,-0.10272763723264104,0.7637499557199436,0.9318685895511235,2.9823832903733853e-05
196015,0.5495962038320186,0.07988075247006131,0.5639253356564825,0.07077535013591654
196033,0.10045922732551785,0.7688429460993921,0.3764788106430743,0.2537807391453667
196042,-0.7356050956549557,0.009874646691202077,-0.15298642487468017,0.6533721082549246
196051,0.593854656931166,0.05406466786537213,0.6971027299806782,0.017118927892608004
196060,0.8113226662444707,0.002435066332526726,0.9629962184825478,2.0014804289857545e-06
196079,0.29326992706246774,0.3814341014899017,-0.1287639167275539,0.7059379240711906
196088,0.43845333022198474,0.1773511518975512,0.906726594845495,0.00011811133737587056
196097,-0.24909874800323129,0.46011910834511305,-0.46290446824982423,0.15163306195333204
196112,-0.38792360572492157,0.23844900116152606,-0.48544726739120114,0.13010863415844778
196121,0.3968060304856792,0.22692937582443168,0.9412252748987373,1.555311162964287e-05
196130,0.9025176760388157,0.0001431641141106224,0.9716729198165228,6.089955310699027e-07
196158,0.25121400237137975,0.4561912402244041,0.9154066593060384,7.708619211980413e-05
196176,-0.29547700025311013,0.37769248562635444,0.3109303452839232,0.35202155465190765
196185,-0.3218648698486469,0.3344228060185928,0.8166181471623071,0.0021597936768484108
196194,0.6170014161534921,0.04315718049501984,0.9606821072445065,2.6208376852783462e-06
196200,-0.05581404279634193,0.8705243954314922,0.9702879426659426,7.534120314269253e-07
196237,-0.3653924289630968,0.26915523082881054,-0.3278420463574597,0.3250039821956535
196246,0.6376849919990124,0.03478946528710746,0.8474779391747516,0.000988030056346969
196413,-0.7254521533404349,0.011512089551491305,-0.011322645186932406,0.9736424529317924
196592,0.5966389824297322,0.052662473377102864,-0.802889761432017,0.0029262812167514304
196680,0.012760501322748266,0.970296523308857,-0.45952015407946334,0.15504461257058996
196866,0.8601291494619647,0.0006821252939268962,-0.5061735371715355,0.11213089263493295
197036,0.3204550066198123,0.3366652878022073,0.9260165129004683,4.284190831542223e-05
197133,-0.5700997391434534,0.06707669300699853,-0.40368943401726437,0.218230889861758
197151,0.12118951708579788,0.7226270837006832,0.6066309869169154,0.04783558059896636
197197,-0.029109849879887732,0.9322931319074965,0.3109072162378245,0.3520592807131978
197869,0.3427829932511392,0.30209055989560774,0.4840183699996295,0.13141151902298026
198136,-0.18594093066768175,0.5841053352710773,-0.36364276986870075,0.2716284620693407
198419,0.2663764020834207,0.4284965486130983,0.07236761940302935,0.8325384300712418
198464,0.7295925543852535,0.010822283942154506,0.6969839072266946,0.01714588534183551
198507,-0.7202932782368512,0.012415473385121339,-0.9604597251791457,2.6873380316887755e-06
198516,-0.05023654315117765,0.8833825262993389,-0.34243948731126717,0.30260716682686895
198543,-0.09917766126622746,0.7717239359403791,-0.9122386564008524,9.053013835408745e-05
198561,0.021973014777952493,0.948871025116247,-0.5453109690303231,0.08274811836433411
198613,0.48719250710926654,0.1285284960133464,-0.08482845831013264,0.8041506906821786
198695,-0.26391285171839035,0.43294061105300724,-0.7052392834180242,0.015344234797991272
198756,-0.4856464597401522,0.1299276638523184,-0.2444768045148319,0.468755441067396
198835,0.5850555598307674,0.05866316963185197,0.19014667575205862,0.5754727517978564
198862,-0.46604548928272127,0.14850907276830322,-0.7265828151092962,0.011320644360583906
198899,0.30585479463762777,0.3603506056505199,0.7447104122305439,0.00855645403216056
198950,0.3069703067574602,0.3585113938189039,-0.30218104519800193,0.3664419944005606
198969,0.2292395859829471,0.49773847813177596,-0.5515457809793103,0.0785984280073853
199069,-0.7971619867722389,0.00329951676302841,-0.9021183104943846,0.0001457359119368822
199102,-0.5375420592225798,0.08811911548114329,-0.8491901396810583,0.0009415322585809634
199111,0.30525672601631,0.36133867598187863,0.8859766208813228,0.00028276989213412974
199120,-0.5579614652385524,0.07447563869447936,-0.7990687686671634,0.0031715622194715414
199139,-0.40300304572762874,0.2190893046129282,0.7956488631847769,0.0034037483837351832
199148,-0.007218321380159015,0.9831952574783326,0.9710113437176683,6.750197712600159e-07
199157,-0.5328256390165911,0.09148953627311371,-0.8204841444976168,0.00197400671517873
199193,-0.5567259748511956,0.07525805995145622,-0.7154834611505801,0.013302900035682312
199209,-0.6904001939496686,0.0186876069677138,-0.9758812589331514,2.9712868421766995e-07
199218,0.05061585579535912,0.8825072416917383,0.35025647370410784,0.2909706671917541
199281,0.3685919083445707,0.26466556605497066,0.6423562396550011,0.03306993123405394
199306,-0.09184553999340711,0.788255542788345,0.2745711952134339,0.4138721635742282
199582,0.08530905421719234,0.8030598480641982,-0.7576066326556301,0.006915418963694575
199643,-0.8781880419965349,0.00037627028713229694,-0.7697677032160426,0.005591247260144309
199847,-0.3777053862762337,0.2521113013746963,-0.28726000886167213,0.3917166538562141
199999,-0.8642801710196721,0.0005993866282587673,0.26576514589677014,0.4295971697904912
200004,-0.40568324912523235,0.21574864202661112,0.19325708413531423,0.5691205306605714
200059,0.12577517726702572,0.7125097600972825,0.44965344619572545,0.16526170968884193
200156,0.31466231846290615,0.3459618766196127,0.6539029651115831,0.029076312983083358
200217,-0.18281237795961203,0.590558795964448,-0.40263326843572156,0.21955258102786934
200253,0.346612326784275,0.29636422367487764,0.4901527370510253,0.12587638198430806
200280,0.5808357602962408,0.060959976747137844,0.882751657390432,0.0003190401033335525
200332,0.660492457828082,0.026956174236120654,0.9341606586568985,2.5653503800344226e-05
200572,0.42975502179441133,0.1871025955608126,-0.46384247918299015,0.15069587636042706
200800,0.8689085500341905,0.00051632721866378,0.07799031677485407,0.819704861122393
201104,-0.13875675880456745,0.6840977043589284,0.806172474522943,0.0027270608996993366
201195,0.16022414901312088,0.6379240359596283,0.525574949949513,0.09683471233102481
201441,0.48494244676463916,0.13056799213277878,-0.7670381994259368,0.005870643100586029
201548,-0.14097062131780497,0.679287729256925,-0.04012253330357465,0.9067615690984772
201645,0.8577602455111695,0.0007330467166377845,-0.30842208845521657,0.35612503499280074
201654,0.4999999999999999,0.11730680301423828,-0.06466897949136448,0.8501693799527159
201690,0.11588423515114155,0.7343819515211578,-0.41220684131285534,0.20774411663786255
201885,0.11850979221650587,0.7285579678908731,-0.7600749064200565,0.0066298030822995275
202134,0.4874907650401685,0.12825968330471574,-0.9647268317251986,1.6174648414568383e-06
202480,0.07892323063680706,0.8175792780869272,-0.0016498512696973,0.9961588128758524
202523,0.6987486587677559,0.01674863171471946,0.2594205828797066,0.4411003426852257
202763,0.3999999999999999,0.22286835013351997,-0.08752378843068714,0.7980370099408088
202806,0.6083980488943311,0.047014851578815534,-0.8214825847560677,0.0019280291954139545
203128,0.5289960584322249,0.0942878362229753,0.5849196134749637,0.058736232035729946
203368,-0.18654252544573138,0.5828674904227372,-0.18924000876766797,0.577329552520242
203517,0.3593258991456746,0.27778497981739647,0.6251161706920181,0.03972457743260889
204024,0.41523160819013666,0.20409359553708561,-0.3967697605861367,0.22697573868117824
204185,0.05655688304252596,0.8688139415366757,0.6803581969819723,0.021226371758839537
204264,-0.3999999999999999,0.22286835013351997,-0.6964841183006917,0.01725960618027661
204501,0.594150867246426,0.05391429662699774,-0.11525499773758356,0.7357795991667693
204617,-0.2931984064175267,0.3815556607303327,-0.6270277409615,0.03894445763368191
204635,6.938893903907228e-18,0.9999999999999998,-0.12231049785397516,0.7201501186081549
204796,0.09775481457248757,0.7749255604156227,-0.18591456081444416,0.584159617028663
204857,-0.30772315023588565,0.3572728822638145,0.7989483839587136,0.0031795298846196344
204936,-0.3684928669349983,0.2648039059551871,-0.19950634713383347,0.5564421071423846
205957,0.6020710275481693,0.0499989162355608,0.29258816630324747,0.3825936420005126
206084,0.017169463714645783,0.9600396372177468,-0.06081910165947975,0.8590097665967417
206437,0.543524042404157,0.08396371784817376,0.26959672780647437,0.42272039219476465
206525,0.4977477362969759,0.1192327056681578,0.6770434630602373,0.022115714858842284
206589,0.766491713608268,0.0059277916929100305,0.3306401048599915,0.32064410609525207
206604,0.2863712370610416,0.3932488902217193,-0.4628816958678512,0.15165585945053803
206622,0.1644050093428034,0.6290585613735337,-0.4500527873888993,0.1648403281662292
206695,0.043109459631536576,0.8998494593205026,-0.17644692161457123,0.6037715058042983
206862,0.2365643534472182,0.4837090905278733,0.12827852667407005,0.7070040188219385
206914,-0.06255976583347633,0.8550108622275011,-0.49225646962805736,0.1240130319397262
206941,0.394970471027915,0.2292826809389231,-0.7329943539690944,0.010278386523112902
207041,0.4999999999999999,0.11730680301423828,-0.5410331101006742,0.08567790963373942
207209,0.08354778133204872,0.8070590607010052,-0.6932301966540374,0.01801324916983218
207263,-0.11800778429469,0.7296705311083922,-0.5596695450419202,0.07340292644124384
207306,0.3530290637578379,0.28690366527650324,0.7973708718645527,0.0032853159544521146
207324,-0.08446341124699394,0.8049794735538579,0.06304391097148052,0.8538991544824069
207351,0.1499204639383359,0.6599534553146663,-0.4176324457613233,0.20122354181634555
207388,0.7053319208037334,0.015324825804151914,0.4588073461511426,0.15576919697758934
207403,-0.1314728927098155,0.6999967722063826,0.1338179220042358,0.6948659501529866
207500,0.014351752389521341,0.9665941425860488,-0.64433746998741,0.03235892615954307
207564,0.29067288740758424,0.385860628068674,0.10636511296800225,0.7556007507773276
207582,0.6150561686838669,0.04400952592217691,0.35295475871091603,0.28701224720407925
207847,0.11154174709684933,0.7440419100318417,-0.04297056932782645,0.9001707333291739
207865,-0.44590510475987377,0.16924933603601297,-0.19330383810380491,0.569025257977442
207971,-0.3211367844950624,0.3355798849283983,0.19610515263697637,0.5633283619007123
209065,0.4999999999999999,0.11730680301423828,-0.10445727335108997,0.7598722377216853
209506,-0.15389502410535627,0.6514259479685917,0.20886756343015786,0.5376656925288791
209542,0.38314710035853394,0.24478088123894814,0.32956340117912863,0.3223180702615184
209551,0.4553709937915135,0.15929186378744456,0.23340591305693917,0.4897368290190644
209807,0.24740576096572645,0.46327401234264476,-0.13902575577640974,0.6835126983421733
209825,0.29999999999999993,0.37008312228206774,-0.028391982855352438,0.9339596459882984
210401,0.09999999999999998,0.7698749998921364,0.4082528522603893,0.21257428158201033
210429,0.730537049090327,0.010669228306656123,0.893989435829179,0.00020617073392263102
210571,0.27610771270225565,0.4111574700448617,0.8792764300457266,0.00036196646126037763
210739,-0.44791400876468335,0.16710490156542035,0.528131158698701,0.09492751376536405
211088,-0.21564277591857364,0.524242094486159,0.08563861586678989,0.8023120007565047
211158,0.23726721029165487,0.482372239579133,0.6681741359369716,0.024625199342959637
211273,0.29999999999999993,0.37008312228206774,0.19694561262811947,0.5616235821059926
211291,0.39649777418451515,0.2273235883758181,0.5643398093018789,0.07052287598186079
211361,0.2656846332963406,0.4297422403706925,0.8958944786142754,0.0001905551156988065
211440,0.05702379841849393,0.8677390863449544,-0.2200853432798068,0.5155176496912083
211477,0.2904125267802642,0.3863058151843425,0.30041728469753753,0.3693850664245517
211583,0.5458811635080116,0.08236270353371475,-0.6688879168210573,0.024416121788318857
211644,0.5412119411035277,0.08555407744670462,0.5505685786086911,0.07923944966230381
212009,0.5190055607629043,0.10185084608535552,0.5858225403807649,0.05825212462510692
212054,-0.24165606885334914,0.4740620375405251,-0.36653784992502303,0.26754302024986426
212106,0.015316266144196525,0.9643502821575457,0.5401326769518676,0.08630322124694552
212115,0.5021393575779424,0.11549609435919285,0.9801058291455588,1.2567930490747784e-07
212160,0.7226758720446513,0.011992111206931512,-0.5074778221358174,0.11105661413489408
212197,0.44178285992184513,0.17370246852123228,0.5964173337235994,0.052773174394746075
212601,0.29999999999999993,0.37008312228206774,-0.41251613207783544,0.20736906988184683
212656,0.18919858716104157,0.5774144368878401,-0.8245015645365731,0.0017938647480635205
212832,-0.34976760074003566,0.29169105839336024,-0.16498737269635405,0.6278271137133241
212911,0.13861113675819853,0.6844144635782394,-0.4749408537912507,0.13988202420093737
213020,0.27165377048224576,0.4190504964929632,-0.08688951281267583,0.7994748017406945
213251,0.23124289647827317,0.49388389735242966,0.5198317621967575,0.10121087058481058
213303,-0.18887889063465704,0.5780697462165207,0.7947629642691975,0.0034658952393210774
213321,-0.09999999999999996,0.7698749998921364,0.5571068182030964,0.0750162930411439
213349,0.7092863336519593,0.014512660129673945,0.7720439109855438,0.005365834975910363
213358,0.2902264096592279,0.3866242121111369,0.7521148404127959,0.007583117536710819
213367,-0.015561509897796005,0.9637797795434812,0.2059316643038013,0.5435261414654816
213385,-0.31552737143375337,0.34456511919252025,0.4917489136773945,0.1244609664881074
213543,0.1443439451994483,0.6719792778614967,0.21887713340091047,0.5178842173781594
213598,-0.7186187642726147,0.01271941216861955,-0.019440348601917068,0.9547587472992289
213613,0.36394677201327974,0.2711978258185197,0.4271289927557787,0.19010903119425016
213783,0.6600593990215111,0.02709205003633141,0.4344648647644117,0.1817830911476688
213826,0.19999999999999998,0.5554454421055853,0.7707563891177117,0.005492499243763036
213987,-0.32634983118979616,0.32734199839113826,0.5583344396005101,0.0742405127579236
213996,0.22749216216899218,0.5011114063089369,0.2902893230459165,0.3865165693141816
214041,0.1955957474483255,0.5643626304439102,0.555174479085745,0.0762483648405524
214069,0.33471894942784763,0.3143451450670325,0.8376592536848763,0.0012888805847998458
214157,0.6100195847719232,0.04627029157276145,0.31949658431875116,0.3381942441575475
214166,-0.017407765595569752,0.9594854007323017,-0.10088954246799611,0.767876174162844
214272,-0.594994507369787,0.05348758925134913,0.9258059276620483,4.33799446239405e-05
214883,-0.2762426360381277,0.41091950547565653,-0.004337603500781856,0.9899013721978417
215062,-0.3038471659948254,0.3636729226223328,0.03820330913464924,0.9112059797080865
215266,0.7350867864486518,0.009953867179533279,0.8712838104368326,0.0004772452261300465
215284,0.7651473898411721,0.006070112578248931,0.5904014769626992,0.05583886381316671
215293,-0.5537581930660858,0.07715993462958158,-0.7337173278882322,0.01016540311273524
215442,-0.3193342828587232,0.3384535231140455,-0.36686091786700936,0.2670892812681211
215655,-0.44575038784245163,0.1694151894887915,-0.6694713314350889,0.024246167068820955
215743,6.938893903907228e-18,0.9999999999999998,0.4217958621045881,0.19630402794593654
215770,0.4018914717379721,0.22048368142255773,-0.5196187303181574,0.10137563316286871
215798,0.5463032728664237,0.08207815415315974,0.0588613295007242,0.8635109939080812
215929,0.3503245248726853,0.2908704666341134,0.60498909619327,0.04860695702762339
215947,0.1350886225083394,0.6920904898516599,-0.13702933483654728,0.6878581534330512
216010,0.36623152535449144,0.26797364516694455,0.7064364549468652,0.01509476632884767
216038,0.08386265615244162,0.8063437869440641,-0.2661216399080536,0.428955106691129
216278,0.4956934957818527,0.12100688851394842,0.512676389933959,0.10684107357887904
216287,0.4643395232731027,0.15020074104800354,0.6173042106229579,0.0430255405028018
216339,-0.6381704091048932,0.03460793364142376,-0.9249226855770174,4.5693233192078234e-05
216357,0.32706950289648046,0.32621329351353945,0.4029413343815956,0.2191665797440618
216524,0.02037846729804413,0.9525776396936614,0.4009248974658656,0.2217004031335586
216597,-0.022613844256747815,0.9473816337246068,0.34237366266364894,0.30270621716351404
216667,0.16504360742548246,0.62770824650295,0.7074244263617857,0.014891099506835087
216694,-0.49999999999999983,0.11730680301423833,0.35024464540866657,0.29098808546872934
216764,0.22103775604733056,0.5136553805170309,0.7567461849645294,0.007017071828975628
216852,0.6133354064767229,0.044773142311794516,0.12800735802161073,0.7075998105738397
216931,0.11289702310190125,0.7410234461059901,0.42298763065712347,0.19490927227044244
217059,0.4233289154000074,0.1945109601985905,0.7017463249785358,0.01608903843652354
217156,0.23324137960753558,0.4900517402812148,0.6654128255746121,0.025445977864865216
217235,0.33105319730182675,0.3200031074088098,0.9399508456604042,1.709740302724959e-05
217305,-0.45849480919747687,0.1560875609070176,-0.23563068520306832,0.48548750034437127
217402,0.24076878106898486,0.475736859381047,0.5760676037453237,0.06362778366182477
217420,-0.15725952624121023,0.6442364637090944,0.7364114866322033,0.009752307422934191
217484,0.47801125542153144,0.13697941668662006,0.6416896524788005,0.033311588402485
217518,0.11507929111375008,0.7361700032934101,0.15320393183731823,0.6529060455277491
217688,-0.36690171857843173,0.2670320088444899,-0.4338408770371827,0.18248249670358316
217721,-0.19095718489925026,0.573814843244789,-0.8823587815306522,0.00032368861492166343
217776,0.5966029180106599,0.052680474684882614,-0.20174655434319333,0.5519249874596794
217819,0.4728166960996402,0.14191263031143042,0.9046951024324408,0.0001297449959036617
217864,-0.31475102984871517,0.34581850268430386,0.3583750737495915,0.27915139052450777
217873,-0.6607125982018264,0.02688728810062685,0.026348866166369844,0.9387039831999449
217882,0.40910212302351157,0.21153125787828517,-0.05765325124887144,0.8662903827369449
217934,-0.3063626756937605,0.35951262944865137,-0.5498491248734383,0.07971361405641579
218061,-0.007310796180316872,0.9829799965401708,-0.5582781553637671,0.07427596289720688
218070,0.3273471027573956,0.32577847274014654,0.005988758777378367,0.9860574986029949
218229,-0.42863010917578476,0.1883869123350169,0.05705795381935694,0.8676604673104208
218238,-0.3379211332104272,0.30944724500827936,-0.9263520630458562,4.199517689136992e-05
218663,0.09519563464691577,0.7806920057786537,-0.9148095767154383,7.949482959332736e-05
218724,0.7510403798258197,0.007719069287579115,0.5310083286732289,0.0928105432623974
218733,-0.5162682334694144,0.10399002299029911,-0.040710994084133395,0.9053993263479952
218742,0.07693447957233569,0.8221118305228383,0.8786481595578526,0.0003701720138746655
218919,-0.29999999999999993,0.37008312228206774,0.02873269844213258,0.9331686514638717
218964,-0.4715918114370595,0.14309196260260346,0.6174680538836554,0.04295442551842994
218973,0.48604520412524554,0.12956587803950798,0.28918045231653666,0.38841601173699786
219000,0.6768014307562386,0.022181672421461057,0.6583923251604944,0.027619621306078774
219082,0.4972442285018673,0.11966601345054692,0.5049726420749524,0.11312593391769844
219204,0.8883319390547575,0.0002583269743430887,0.8586807106105261,0.0007129316125408955
219347,0.3,0.3700831222820675,0.6465433648394269,0.03157997643192338
219356,-0.09999999999999998,0.7698749998921364,0.6969293322153818,0.017158277024478724
219383,0.31552737143375337,0.34456511919252025,0.5404741459187301,0.08606573155485987
219471,0.5469141104851725,0.08166753837942124,0.7164649229571014,0.013118212977585244
219602,0.11563400419163455,0.7349376723863396,0.8050000044671352,0.0027970187132065993
219709,0.8409929552729336,0.001179958742210336,0.2279514741789473,0.500223866346362
219833,-0.31739509908017055,0.34155949509666755,-0.5959780081491192,0.052993063050187396
219976,0.38220849777674215,0.24603638747343617,0.5932300282940507,0.05438269947124536
220075,0.3857750153382429,0.24128537407671885,0.8983902759172269,0.00017147908007418206
220215,-0.4999999999999999,0.11730680301423828,-0.12047248324440679,0.7242127266168116
220516,0.3322917788285,0.31808532095353814,0.5771670349246767,0.06300577236237488
220598,-6.938893903907228e-18,0.9999999999999998,-0.5981222645628653,0.05192574503650177
220613,-0.04018243430225117,0.9066228923959404,-0.31533166316698347,0.3448808604609244
220862,0.29145595293938664,0.3845232274757919,-0.18337821509540753,0.5893896132239171
220978,0.5424218586994707,0.08471937889088328,0.8623455798952158,0.0006369429875820749
221351,-0.1827945009592774,0.590595749294194,0.30590484737283963,0.36026797665995336
221519,-0.08445958560388829,0.8049881600399228,0.5043024319473948,0.11368373010357986
221661,-0.03293496894108568,0.9234174527830323,-0.18793404875308053,0.5800081472456043
221740,0.32696962412159886,0.32636981516867547,-0.8151621451510416,0.0022330380614617824
221759,-0.029709364408587752,0.9309015574975739,-0.637649547798715,0.034802746372101796
221768,0.15137832813688282,0.6568212954231204,-0.7383478569506476,0.0094630420885577
221838,-0.8260836197596109,0.0017264109124698478,-0.4861015666724902,0.12951479138778657
221847,0.0939621416288823,0.7834749240535515,0.1745344163880468,0.6077624526202302
221892,-0.17382463554327082,0.6092460525006745,0.8198921247595559,0.0020016526119489837
221971,0.003096722248965636,0.9927902626485798,0.46222548679920916,0.1523137121171827
221999,0.28072632971058886,0.40304994710338443,0.633377907772122,0.036429417455844576
222178,0.2926032509618709,0.38256796679468497,0.5459505451765833,0.08231588751758122
222831,-0.23987254669948432,0.4774312697167491,0.396781808307329,0.22696033778182956
222938,-0.09264590544992779,0.7864470340791988,0.9417610515841125,1.49369186843914e-05
222983,0.7843606400973582,0.004260162494788212,0.8340664660498783,0.0014145344676247328
223232,0.040169624019059005,0.9066525492646693,-0.347605481359049,0.2948888876923632
224147,-0.014997213201991405,0.9650925071217669,0.5162365007342634,0.10401499168057597
224226,-0.2305190739347398,0.49527509150045346,-0.9352565495886299,2.3825487219045887e-05
224545,-0.35777087639996624,0.28002161548096377,-0.18872099566094247,0.5783935030689227
224554,-0.2942946597275952,0.379694571700789,0.9483232903522545,8.806290939928658e-06
224776,0.5691088275950485,0.06766129541664641,0.9033798508038513,0.00013773002583545153
225247,-0.19999999999999993,0.5554454421055853,0.8042051091553416,0.0028452007769468246
225414,0.05700588571071917,0.8677803183152863,0.49975465850971595,0.11751561529778774
225432,-0.7194488920907358,0.012568072630925497,-0.9293777376410628,3.4925895272077835e-05
225502,0.11769949843651181,0.7303539944263691,-0.26569495702541257,0.429723637387448
225511,-0.7684428143300981,0.005725614038746834,-0.9273558258040301,3.953866543272159e-05
225575,-0.2838373015634245,0.39763370098110856,-0.7823496403673931,0.004428002335579161
225627,-0.44493268759030447,0.17029340812889832,0.6004937821905783,0.05076255659725329
226091,0.40323722423405883,0.2187962116916906,-0.46789959515130924,0.1466840962575486
226231,-0.04724308762859938,0.8902941247598084,-0.7277576388524197,0.011124176896100157
226383,0.17614310364552116,0.6044048551462521,-0.20523462080594118,0.544921357765619
226471,0.1362976820725645,0.6894528169489097,-0.17401164303985067,0.6088550367890405
226587,0.15666989036012802,0.6454944805300501,0.39541221316964054,0.2287150421290548
226833,0.2980410375817476,0.3733691595863943,0.2901434336644276,0.3867662043656932
227216,0.1862420699108531,0.5834855837310815,-0.1272241728889718,0.7093213926305255
227331,0.10252723801522236,0.7641995529231974,-0.2530691504215685,0.45275917758372347
227526,-0.31211651209396496,0.35008960416684654,-0.04283619574531907,0.9004815722860604
227757,0.3006884558440467,0.3689317977716489,-0.2665218337171786,0.42823488466332205
227845,0.5589538034762829,0.07385115969629467,0.22903630473538578,0.49813034621463426
227881,-0.20369420336772281,0.5480098589819535,0.7458169392681294,0.008405509406272956
228149,-0.1731958027341331,0.6105615574044108,-0.18973639620333696,0.576312692948435
228246,0.2813478668119926,0.40196495210691346,-0.27972019326814906,0.40480937377804227
228343,-0.052329502363064787,0.8785543914014688,0.6868631296392111,0.01955558433528977
228431,-0.01511326874157183,0.9648225198116509,-0.6883865647461862,0.019178289096410065
228459,0.9173840873615356,6.95055734949975e-05,0.9375302661297293,2.0352707012391504e-05
228468,0.021320071635561003,0.9503887216678912,-0.636819081630757,0.035114939961912665
228529,-0.47864492310009893,0.13638516199104334,-0.26567985617728146,0.4297508486950591
228705,0.1863222409992194,0.5833206322350537,-0.030908017956766898,0.9281198044351447
228723,0.024567778849933736,0.9428413246798455,0.5115151023507306,0.10777359893073549
228769,-0.14995220405865323,0.6598852106047546,-0.45561227509396274,0.15904292322587063
228778,-0.03396969642203475,0.9210178136213095,-0.4197321529232346,0.19873338750443764
228787,0.3239673678572119,0.3310933819033741,-0.7981404455252419,0.003233388325209776
228796,0.33764470114571715,0.3098684190069242,-0.3440363707132609,0.3002096665335921
228802,0.2538937682077481,0.45123747604053577,0.6996969146508114,0.01653792332490852
228875,-0.05239315768646561,0.878407605761192,0.5685876615136785,0.06797013794128376
228981,0.22889999908439995,0.4983931800170828,-0.17875823695459112,0.5989613142405343
229018,0.018825739637941277,0.9561878529811859,0.2895804306126447,0.3877303304717526
229027,0.41877523895780977,0.19986593822303017,0.7063033611590859,0.0151223554558213
229063,-0.46383075842918026,0.15070756440177993,-0.8745604533816076,0.00042705713710857227
229115,0.7240797740721727,0.01174760075309538,0.9140667963943274,8.257105073425415e-05
229160,-0.596187796006144,0.05288798323522358,-0.6449331123910869,0.03214727945704384
229179,-0.3762681380054588,0.25406811034279925,-0.17760524161185465,0.6013590853106882
229267,0.15266819727479586,0.654054190258632,0.6533247616851353,0.029267775619159074
229814,0.35794684816268085,0.2797680074708201,0.47197821290005915,0.14271926752517924
230038,0.5432216117300818,0.08417061857164608,0.3465500166160218,0.2964569206601385
230047,-0.3065172960050644,0.3592577141626902,-0.6864822471422398,0.01965073567597138
230171,0.3425578863148804,0.3024290492310224,0.5356390909833502,0.08946896340257844
230603,-0.3259565842147227,0.32795962992187233,0.5828956802517282,0.059831292354631097
230728,0.007252046207760113,0.9831167534009532,-0.6066401186763455,0.0478313141143468
230737,0.655805290236274,0.028452610594115045,0.4584047190324977,0.1561794058427481
230764,-0.1015963265611776,0.7662889150158633,0.5279401374105531,0.09506917571513791
230782,0.6744835034481668,0.022820442524087183,0.5684973718262479,0.0680237398498488
230816,-0.09999999999999996,0.7698749998921364,0.03177921393459612,0.9260984439657487
230852,0.6534371513334076,0.029230490366090184,0.8571809217972879,0.0007459244077415141
230959,0.8836828280385449,0.00030822484998449756,0.7950391864785307,0.0034464284425228383
230995,0.5093940757782811,0.10949040422390381,0.7735130306715403,0.0052239464117790615
231059,-6.938893903907228e-18,0.9999999999999998,0.4541631861603992,0.16054164571931764
231165,-0.04648623701196433,0.892042722995201,0.6624876347110434,0.026336379049877668
231174,0.25412694410703385,0.4508076186190461,-0.2696959924336252,0.4225429436435106
231420,0.17892344962083515,0.5986180297473294,0.35709411789827306,0.2809981447174162
231581,-0.06166274110585908,0.8570712598331404,0.8132919791916434,0.002329815277493277
231624,0.541785760989702,0.08515753432197692,0.3234406096377447,0.33192587437601995
231712,-0.24148413540356733,0.47438636658350714,-0.13750200673685198,0.6868285538935819
232043,0.017921501213075078,0.9582906224818543,0.7235505558177364,0.011839343985695206
232089,0.4638221012418416,0.1507161977909207,-0.09685814601673906,0.7769448231535135
232186,0.6902396440312079,0.018726396968998842,0.9564572662079385,4.123217782933105e-06
232256,0.1569412051435861,0.6449155134648468,-0.2715239011219339,0.4192817350749396
232265,0.5068141520244166,0.11160241224510593,0.7536372477759601,0.007393495910598317
232423,0.2206187174662898,0.5144743792698635,0.9263346209595911,4.2038871761964496e-05
232557,-0.415401794877174,0.2038893475653698,-0.7607300903750366,0.006555464209576198
232566,-0.1557790826140463,0.6473966435088003,0.8934518520898476,0.0002107484462462204
232609,-0.20776569936321906,0.5398620999680898,0.4873768298577482,0.12836232800771508
232681,0.9121899235272785,9.07500283447963e-05,0.5838572239371905,0.059309329820749906
232706,0.10469997967983462,0.7593285025023252,-0.02860710328102395,0.9334602229366574
232797,-0.37006357340636475,0.262614781993746,-0.4662056500233852,0.1483508699812571
232937,-0.4733136422224343,0.14143591685775542,-0.528095537635956,0.0949539199306889
232982,0.2829045274876104,0.3992538748723509,0.9758215248131998,3.004286374742651e-07
233277,0.5765096212276638,0.063377211909787,0.9549818112906683,4.780010291615678e-06
233295,-0.19417421601652332,0.5672527939189251,-0.5531105421549375,0.07757919792370556
233374,-0.1694395999384268,0.6184408859023,-0.5658017590635669,0.0696371711501271
233426,-0.3999999999999999,0.22286835013351997,0.6629947071768952,0.026180477594131366
233684,0.5276679853235382,0.09527124411664308,0.7595044431791347,0.006695031044220398
233897,0.19999999999999996,0.5554454421055853,-0.3428565344757453,0.30198002213267083
233921,-0.15692352417552496,0.6449532380476292,0.6085078788854852,0.04696416230457164
234030,-0.642371349982121,0.03306446757164635,-0.15978964413708746,0.6388478694502945
234076,-0.3064637900387908,0.3593459163921823,-0.6895371598762842,0.01889679913996761
234085,-0.20104424108619423,0.5533395269205208,-0.03788527441320366,0.9119426869423893
234155,0.046858708862240694,0.8911821241425132,-0.3142424343093376,0.3466409085886859
234207,-0.1578692651939208,0.6429364363129242,-0.2757791912038702,0.4117371650119413
234827,0.3486933392922273,0.2932775168926032,0.6255945565766273,0.03952833723221021
234915,-0.23442079587225972,0.48779635963004403,0.7528255042281831,0.007494164520911555
235097,-0.04478623060556432,0.8959719147689478,0.12140516263796662,0.7221503980122963
235316,1.3877787807814457e-17,0.9999999999999998,0.11794892072780358,0.7298010167897581
236230,0.377363044373633,0.25257661383473745,0.6068092547317827,0.04775233872242786
236328,0.49704932256574746,0.11983401635263932,-0.35444115230060114,0.28484451145191
236452,-0.1800751200107869,0.5962270914690793,-0.7063608754669687,0.015110428818691037
236577,0.3549271760479887,0.2841376800311963,0.5167685294491658,0.10359688423554052
236595,0.5767708982634816,0.06322941311364835,-0.5482205611052633,0.08079390810951492
236896,0.19569842191603265,0.5641541053716476,0.2004747358332247,0.5544876463209683
236939,0.3219913380861631,0.3342220373011702,0.7202576837408656,0.012421878910711052
236948,-0.23655425159096627,0.4837283165363935,-0.40501587194183136,0.21657764249160358
237011,0.15217544984536333,0.6551108027178866,-0.5129293247893851,0.10663866194143454
237066,0.36470250282563493,0.27012895551165983,0.7801034786102996,0.004621186905555082
237118,0.1788854381999831,0.5986970046727276,0.9549915631050827,4.775420381130675e-06
237215,0.2289469932679508,0.49830255580007626,-0.47674027552213183,0.1381762747762357
237367,-0.29224590779063,0.3831764244237259,0.5037370535921508,0.11415565621546477
237525,-0.13662067824950164,0.6887486949507192,0.21861041464104286,0.5184072710551347
237783,-0.34671747726745394,0.2962078305422786,-0.6953254838102001,0.01752531644706784
237792,0.42956449363926086,0.18731974798960313,0.821963712784081,0.001906161439617936
237950,0.2083083164838454,0.5387800097920586,0.10088774446574247,0.7678802130464909
238032,-0.19590440684363966,0.5637358555407901,0.80254264623207,0.0029479613401875195
238430,0.1969053380658049,0.561705227791015,-0.47017409144227745,0.14446463592733313
238476,0.28309551139897576,0.3989218816995251,0.4328368729502864,0.18361128007115174
238616,-0.19170902370535098,0.5722786113138087,-0.7521603281262076,0.007577400878191986
238661,0.374730461957136,0.2561712271624577,0.12529335175817977,0.7135708865022441
238980,-0.19794689361290813,0.5595952761881048,0.22822431166941332,0.49969698036164695
239105,0.17701142839558415,0.6025953671085529,0.2861114645603764,0.39369729857882646
239716,0.3999999999999999,0.22286835013351997,0.573698217411193,0.06498237534901181
240189,-0.30623848617883415,0.3597174424660108,-0.02009688041514271,0.9532322936276565
240268,0.5125841975393918,0.10691491274468218,0.6191255250594246,0.04223957841535913
240277,0.5947984779003438,0.05358653296298316,0.7766328137225119,0.004931820974679272
240329,0.5977532937815615,0.05210834472547349,-0.24636963797837905,0.465209712320651
240365,-0.2136941275088547,0.5280883925779981,0.8948638861057654,0.00019888658929717785
240374,0.5331339190413655,0.09126668257801164,-0.14453982731183906,0.6715556658866765
240392,0.36484597868577845,0.2699262982840516,0.788749570855749,0.003910230269919659
240417,-0.3790134454898257,0.2503379048990114,0.9103817650311861,9.92014718893046e-05
240444,0.34664304165065113,0.29631853594130614,-0.4418529877970257,0.17362611750839382
240453,0.2171480005440535,0.5212791449511084,0.8713049970975693,0.0004769070266093978
240462,0.1629431447102159,0.6321535081247505,0.2130096225707066,0.5294422846884428
240471,0.7346141018679744,0.010026516087902759,0.6621202649224855,0.026449737274999007
240480,0.4488476072664311,0.16611404752990835,0.7125933087566281,0.0138576545642524
240727,0.3999999999999999,0.22286835013351997,-0.0892180935218603,0.7941990878422516
242972,0.6704682100871722,0.02395770865996648,0.6695007162075839,0.02423762921844776
243665,0.15716303709085633,0.644442270799464,0.08868353047264022,0.7954095361801652
243744,0.3872741655868538,0.23930428618757926,-0.17035745203824815,0.6165121512358989
243780,0.07693317822306557,0.8221147980343448,-0.5004537763941953,0.11692121956567791
248934,-0.0914655438123421,0.7891145126854691,-0.5488604235847195,0.08036830619564889
251312,0.09501618194336689,0.7810967313187133,0.4759291649146662,0.138943525536646
262086,0.13964424809617307,0.6821682136926319,0.1788199735349283,0.5988330272927429
363934,0.4209444504327562,0.19730411943914983,0.5384681467147058,0.08746710201125556
366252,-0.18748562478297937,0.5809289916678583,0.2614858433930432,0.4373400654460046
366711,0.2471789256043608,0.4636974737795232,0.40258309036613743,0.2196154911799235
367884,-0.5505688391277879,0.07923927830534784,-0.17570060157030756,0.6053277481310309
377555,0.7941125831449276,0.0035120527179978685,0.7220074452347321,0.012109812584280778
377564,0.858539923575226,0.000715980954014743,0.5865224837276397,0.05787872039767401
384254,0.6378006051960317,0.034746169164235646,0.5857945606436542,0.058267085165233365
409315,-0.12316805742712017,0.71825684725018,0.05075708046002139,0.8821813881583068
409698,-0.024247222994524392,0.9435860908783458,0.5677697398383438,0.06845674967433084
413413,0.6056701742841586,0.048285949864059693,0.1192535349162823,0.7269105298747677
420042,0.08839066519593777,0.7960728632656651,0.5344529367645857,0.09031721222357085
430184,0.5146653027311314,0.10525616411564656,0.7523094112507973,0.007558686976944268
433387,-0.19610289239140313,0.5633329493206558,0.5004339006840897,0.11693809126889367
433536,0.6112139623367815,0.04572709458447162,0.6101919248806411,0.04619163903892085
437097,0.6014689055002039,0.05028950328739239,0.6018014524545298,0.05012887164895508
438498,0.02996235850591259,0.9303143673940377,-0.2742917890330738,0.4143667478077398
438586,-0.5653991564139239,0.06988033262163605,0.637984274338384,0.034677464114102004
440749,0.5881716976750462,0.05700534943789397,0.7915592986577523,0.003697675044615673
441937,-0.27049631914408523,0.4211135653242361,0.4991496612607891,0.11803155530974609
442569,0.37773549493773945,0.2520704010525775,0.6684554884885066,0.024542636003152107
443410,0.35865195131406646,0.2787531091708781,-0.06761507652109966,0.8434147175965967
443766,0.6234890581555383,0.04039710292576658,0.7366419204052211,0.0097175512858839
443784,0.7223057833142175,0.012057176288871745,0.750653283386893,0.0077684824276680504
445027,-0.5939712909522133,0.05400542441799019,-0.12112909670236555,0.7227606591734653
445133,0.26539356200861725,0.43026689834587356,0.09040747883337732,0.7915073444963197
445267,0.40401636955078507,0.21782271448030888,0.2311191429691893,0.49412163096922646
445692,0.46302957413655216,0.15150785627712068,0.46302957413655216,0.15150785627712068
446640,0.40711002803684865,0.21398263134469742,0.7238544283947088,0.011786602648322604
447689,0.9283867797803337,3.713185562167418e-05,0.966546376191897,1.2778360988127854e-06
449038,-0.3132977025193249,0.34817126325141357,0.8619863299278443,0.0006441082440348081
449339,0.007649460048260351,0.9821916705474955,0.802653906025303,0.0029409993251735995
450298,-0.3516823232559855,0.2888751893897524,-0.10873440810019203,0.7503046537145899
450377,0.27075073922952303,0.4206596616633117,0.44534173164740304,0.16985374146360152
450933,-0.4384301174629933,0.1773767527056809,0.12459298908456762,0.7151141103629511
451820,0.41045034852389484,0.20988169582461483,0.8709335698564681,0.0004828624113815572
453163,0.2919789783073191,0.3836312497546604,0.7159329726098898,0.013218081626209171
453215,0.6357146525124417,0.035533145730367977,0.8652741387839761,0.0005807541448197662
458919,0.21033728140969335,0.5347417777899216,0.5970441806686696,0.05246051069239668
458964,0.34217728910750667,0.3030018175307496,0.9080739226493871,0.00011084684958048505
459994,0.5701532112198375,0.06704524357757581,0.846540524334881,0.0010142075763303095
475121,0.8530447465572939,0.0008428912913242754,0.9333012277673067,2.716091257650019e-05
