UNITID,cs_stat,cs_pval,noncs_stat,noncs_pval,quadrant
100654,-0.633415871611049,0.03641473158466349,-0.8905589602974735,0.00023672523209598143,3
100663,0.3553263877004495,0.283557830655558,0.11180678660816555,0.7434513596606446,1
100706,0.29615122948100386,0.37655319462366194,-0.8400303158997167,0.001210672049295009,4
100724,-0.6694893370370117,0.02424093522421062,-0.7767861394191279,0.004917781833826272,3
100751,0.23002512656967555,0.49622544922886364,-0.6146148372517535,0.04420450942617924,4
100812,-0.3755335358916356,0.25507160896458836,0.37208621989167845,0.2598109480236479,2
100858,-0.19561355004115133,0.5643264723671932,-0.7858058232242343,0.004142483084804566,3
101116,0.2956139542037358,0.3774609241571115,0.6183145787052362,0.042588292469671565,1
101189,0.06733553338220138,0.8440552402592808,-0.4099361302813799,0.21050994053334873,4
101480,0.1726624344639201,0.6116781633585777,-0.47637443515859845,0.1385220004714358,4
101675,-0.06956083436402521,0.8389587420068245,-0.12005479030119395,0.7251368583964004,3
101879,0.6088225424204041,0.04681914562680073,0.587287029139157,0.05747271742310382,1
101912,-0.30684533200240216,0.35871720557871106,-0.6383460523080249,0.03454241166754699,3
102049,0.44046035959813273,0.17514618099933066,0.157593691466749,0.6435238773622777,1
102094,0.4613087334225967,0.153235740054136,0.9398158056952384,1.7267690243699077e-05,1
102298,-0.3004640374003149,0.3693068979536241,-0.39491635464188557,0.22935227703478878,3
102368,-0.5800484814200296,0.06139513527543064,-0.8937713899709324,0.00020801825252366937,3
102377,-0.004539342100215588,0.9894317148735081,-0.4113783115994868,0.20875078175965583,3
102553,0.2,0.5554454421055853,-0.0033676804379841607,0.9921594383115788,4
102614,0.31487532448317984,0.34561767198315185,0.27861045645851035,0.40675433147775925,1
102845,-0.2551200632177182,0.4489789492220101,-0.645494484277739,0.03194869986786839,3
104151,-0.32243212738112836,0.33352278200858226,-0.49475995554430074,0.12181872224973918,3
104179,0.49861243245206316,0.11849092185441135,0.6846297998684736,0.020118226801234075,1
105330,0.25570249270455714,0.44790811053913787,0.5606637242422057,0.07278335126844297,1
106245,0.3761595543520409,0.25421629808634205,0.11082846194688784,0.7456318372459622,1
106342,0.5337750212905733,0.0908043796591342,0.5397328638874012,0.08658183963316458,1
106397,-0.20515217087005022,0.5450864878130838,-0.01878303127263814,0.9562871639940963,3
106412,-0.4191623743865803,0.19940728124310006,-0.7416548351416012,0.008983539183920987,3
106458,-0.5339590948936734,0.09067192877096954,-0.7909226122531388,0.0037450715394858514,3
106467,-0.08191763199515402,0.8107642396463207,0.6244213628855039,0.040010799989878845,2
106704,0.1426028955765822,0.6757481990987865,0.6610732540924914,0.026774700682706074,1
107044,-0.5097105735774677,0.10923310662321066,0.08601028805752102,0.8014687740314007,2
107071,-0.2,0.5554454421055853,0.6087559281284752,0.0468498199002297,2
107080,0.5,0.1173068030142382,0.7747676940882737,0.00510497417720294,1
107512,0.0,0.9999999999999998,0.5727174814854519,0.0655487231822647,4
107600,-0.34510880038661623,0.29860541741950314,0.3706946533730709,0.26173813261221646,2
107983,-0.11534945328005286,0.7355697507213205,-0.4924910567102626,0.12380635026207207,3
108092,-0.47205767841283996,0.1426426966395532,-0.10608634766355972,0.7562245019446021,3
108232,0.31091866611325647,0.35204060442287693,0.7721790645505395,0.005352664643097104,1
109785,-0.35482155038515806,0.28429120999088103,0.26141687346788534,0.43746539556330666,2
110097,0.4357462697922738,0.18035193335925861,-0.6636630270494985,0.025975997640817452,4
110404,0.1773044294310651,0.6019852397956625,0.5019735761907449,0.11563576015698743,1
110413,-0.0907862799189863,0.7906504927946439,-0.17563480149309413,0.6054650266590718,3
110422,-0.29566549497787126,0.3773737977371174,0.12464870520504301,0.7149913067710261,2
110486,0.6089908004138802,0.04674172847749266,0.14667084553586088,0.6669527172265619,1
110495,-0.2746591006885589,0.4137166191581668,-0.3105878370448817,0.35258043881202167,3
110510,-0.3970982494902121,0.2265560422209077,-0.9517293228444438,6.51177938406776e-06,3
110529,0.11929043535643778,0.72682881998006,-0.25228779109074584,0.454203245676148,4
110538,-0.2757530551424099,0.41178330068334684,0.6651430603073258,0.025527187366582525,2
110547,-0.6361057186230408,0.03538466836280795,-0.9352507662391625,2.3834863647761267e-05,3
110556,0.2835258991567371,0.39817422623090665,-0.8988052841215459,0.00016845382146914192,4
110565,-0.41666731294695436,0.20237437797751348,-0.8745524406804903,0.0004271747662785392,3
110574,-0.25480784176963506,0.4495534817923453,0.5431817055509139,0.08419794465543869,2
110583,-0.11087311326466837,0.7455322823454782,-0.40835948565283764,0.2124431538030844,3
110592,-0.6346179493459242,0.035951853302949165,-0.8945780320232775,0.0002012458316926983,3
110608,-0.3654160863239906,0.2691218772249038,-0.907613029309798,0.0001132923447442612,3
110617,-0.3557613230875261,0.2829268426843577,-0.07998079672813965,0.8151710166364575,3
110635,-0.41525497542218537,0.20406554433793858,-0.846317518385361,0.0010205111226625646,3
110644,0.049536584470347755,0.8849980257781057,-0.545575435287943,0.0825692075668756,4
110653,0.5054560967961246,0.11272466834367333,-0.34838927968683114,0.2937274104249189,4
110662,-0.3059538723864552,0.3601870537429483,-0.00214435488081878,0.9950075194782806,3
110671,-0.4738585586532684,0.1409143475841668,-0.8863921315990915,0.0002783352647824808,3
110680,-0.6248212180001339,0.039845907453871524,-0.10801635577168324,0.7519087089106072,3
110705,-0.7922147211908444,0.0036493492690333447,-0.42345898373702634,0.19435928704266936,3
110714,-0.21726088968438892,0.5210572150627308,-0.797209580849805,0.0032962771379190254,3
111948,-0.1311852655838457,0.7006268681711103,-0.5571978919907354,0.07495855467222709,3
112260,0.4499070535980998,0.1649940282751236,0.5475705225923577,0.08122781121699729,1
115409,0.574064895850296,0.0647714805923662,0.8065246642033495,0.0027063033068348394,1
117140,-0.18327637330614507,0.589599982977776,-0.7553465858816087,0.0071847514659866265,3
117627,-0.09138115486202572,0.7893052999914721,-0.022757803598958,0.9470470695617913,3
117946,0.5473746717615205,0.08135884550415795,0.766826411753903,0.005892742464767402,1
118888,-0.11925695879998865,0.7269029481456101,0.25117224454477405,0.45626863106070076,2
119605,-0.6678475693996946,0.02472127723357694,-0.31699196929087636,0.34220705833004156,3
120184,0.028227871846881813,0.9343406600807295,0.11363278610415739,0.7393861267960691,1
120883,0.03578621305185509,0.916806565691639,-0.23967383721176747,0.4778073145475265,4
121309,0.46364436031662976,0.15089351845601562,0.24959572568183927,0.4591948640516217,1
121345,0.03155612629227202,0.9266160179533066,0.6573119960041143,0.02796535163889798,1
122409,-0.014492765099489956,0.9662660744108031,-0.057595497378617785,0.8664232895903186,3
122436,0.7778641219620978,0.0048199073351365565,0.8777017920096153,0.0003827973716613326,1
122597,0.11693592327168006,0.7320475818018057,0.3044423717297151,0.36268631246689315,1
122612,-0.4433027609361292,0.17205230021062434,0.24697202343728183,0.46408387787567773,2
122755,-0.3680019526628085,0.2654902131149427,-0.7697707714793653,0.005590938803126366,3
123572,0.14269483796598986,0.675548999641193,0.7130335947605693,0.013772085517830185,1
123961,-0.3942179355813261,0.23025158217568822,0.4174802199032156,0.20140479697206767,2
125231,0.6226280449834772,0.0407561575010219,0.22230930614884473,0.5111735921700958,1
125727,0.4,0.22286835013351963,0.18298288506014096,0.5902063867747084,1
126562,-0.08436170229351217,0.8052104201218376,0.054370543443745874,0.8738495958606634,2
126580,-0.3975662125081766,0.22595893086891386,-0.4437986476826388,0.17151600206149364,3
126614,0.8273347356903331,0.0016744253025235557,0.022811401477342008,0.9469225090637369,1
126669,0.7187074887353607,0.012703174398370829,0.6218505236498899,0.04108229114674071,1
126678,0.5123244671935817,0.10712311539456607,0.6516348631072071,0.029832440913673708,1
126818,0.4951019925994915,0.12152087281184193,0.8513197555358414,0.000886019540413247,1
126827,0.8359313281968452,0.001348219223948294,0.7995922643399609,0.00313708685441939,1
127060,0.47191066540195487,0.14278437486454526,-0.18932226282939754,0.5771610054410652,4
127556,0.39103592022868044,0.23437483828798403,0.45814260861271416,0.15644681284473444,1
127565,0.15561172489683242,0.6477542181215565,0.5604384635754145,0.07292342598627978,1
127918,-0.36504285210477305,0.26964835729432796,-0.5707531931512982,0.0666930475009431,3
128106,-0.1240435207291613,0.7163255147796306,-0.5386833391419393,0.08731605344732618,3
128328,0.30770327345543247,0.3573055533092187,0.4593164594374079,0.15525145783854066,1
128771,0.7809240902153335,0.004549902381716995,0.9233257714728271,5.011446106537147e-05,1
128902,-0.17161412162857348,0.6138749663398686,0.03942132644614435,0.908385104799509,2
129020,0.1865842212342489,0.5827817342172403,0.4663044773594655,0.14825330349543703,1
129215,0.6378892372851733,0.03471300272921745,0.36114441445555,0.275182069713045,1
129242,0.4125370935081922,0.20734366659624812,-0.376417489470121,0.2538643660459804,4
129525,0.3878216086641445,0.23858320955283266,0.27360812886611624,0.41557812256365073,1
129941,-0.15398007867057129,0.6512438663026777,0.6105293286181761,0.04603792168098062,2
130226,0.06941979732023794,0.8392815894715798,0.3265821021328265,0.3269774864770088,1
130253,0.2730955837419894,0.41648742470306804,0.0696168944059034,0.8388304213218865,1
130493,0.34594221510755563,0.29736196407749577,0.7347978298307185,0.00999823252620419,1
130590,-0.2660244900027852,0.4291300329528513,-0.16951464949084144,0.6182830986877168,3
130697,-0.3383458955250258,0.3088006796189774,0.44040836713801745,0.17520308832802856,2
130776,0.7277285897285641,0.011129004795798385,0.8482005676070167,0.000968200009866203,1
130794,0.3351988951291242,0.3136083928523821,0.661516330594693,0.026636839843933176,1
130934,0.23639073574184533,0.4840395697998575,-0.6164335208743776,0.04340482374393972,4
130943,0.6572617666314674,0.02798150003076135,0.5016556920904285,0.11590387225372158,1
131113,-0.47102611280395923,0.14363869851441669,0.4597577065408229,0.1548036027144133,2
131159,0.3146937708286743,0.3459110402463119,0.9310732249972477,3.138618369855498e-05,1
131283,0.0014399678346244948,0.9966474613851847,-0.24613403225509298,0.465650389087439,4
131399,-0.5230213209318595,0.098764891282458,-0.8563410210002325,0.0007648964954065589,3
131450,0.0003087787817673132,0.9992810984012992,0.6154098472284854,0.04385369764203326,1
131469,0.8554206644811921,0.0007861013130874461,-0.18367490567424324,0.5887769158201479,4
131496,-0.3584322589822924,0.27906910499731363,0.4008951030116792,0.221737970915298,2
131520,-0.5508430469709887,0.07905905440856578,-0.8879958345118714,0.0002617128714870818,3
131803,0.14615356742922278,0.6680690858107758,-0.05365553847609719,0.8754973408950794,4
132471,0.5270086966330221,0.09576192308828083,0.9083277868836158,0.00010951717872322962,1
132602,0.1442128654254648,0.6722627970184143,-0.724451734905849,0.011683427860715936,4
132903,0.25826743672026775,0.4432065042440866,0.8746187800738212,0.0004262016206245455,1
133492,-0.22635097660945142,0.5033195098864311,-0.785991333399654,0.004127553179113048,3
133650,-0.25873690963525126,0.4423484671682147,-0.8036805985664245,0.002877329701835981,3
133669,0.033324026880752824,0.9225151193165682,0.40740684681876016,0.21361631965894184,1
133702,0.04666313293970831,0.8916339906136781,-0.1531151693454354,0.6530962277916829,4
133881,-0.18749714575740725,0.5809053261611322,0.7300253919022115,0.010751946119574201,2
133951,-0.13088829813076008,0.7012776034029561,0.41539893163907426,0.2038927828439879,2
133979,-0.18100634775156638,0.5942964258007942,-0.7322159587284738,0.010401047726684008,3
134079,0.47465062703640026,0.14015838083876217,-0.6937526149939776,0.01789069432308786,4
134097,-0.6675897551232186,0.024797315051113412,-0.7161600121533707,0.013175390204574138,3
134130,-0.23487565575114216,0.48692776965050005,-0.9545730268004194,4.975495035245699e-06,3
134237,0.43498047086870406,0.18120639976496675,0.9475324090661273,9.418347404713595e-06,1
134811,-0.34459846658568316,0.2993682392635487,0.4080591188192386,0.21281263958024368,2
134945,-0.2771686550745757,0.40928809824243617,0.21818500565269716,0.5192419910795781,2
135081,-0.19880321026997866,0.5578629474609323,-0.834621078459403,0.0013945624145488527,3
135726,0.526059101185772,0.09647157359568745,0.35615898495436216,0.2823506140751233,1
136172,0.5226651205911728,0.09903611235120714,-0.46163692380690546,0.15290526233260934,4
136215,-0.11071725806298358,0.7458797934017385,-0.8948295906585004,0.0001991685233027997,3
136950,-0.4044258057558598,0.21731217368130346,0.3232265517277802,0.33226449014438564,2
137032,-0.5514878541236237,0.07863632993327035,-0.18585893203750314,0.5842741339597393,3
137078,0.48361028495574643,0.13178513205176984,0.6331255554189359,0.03652714199618724,1
137351,-0.1309590405328968,0.7011225714902549,-0.9459511481812071,1.0739907981790527e-05,3
137546,0.2160269275392299,0.5234852404356846,0.5921917691646221,0.05491415540332828,1
137847,0.24474400392105777,0.4682541695581671,-0.49061414608583936,0.12546617450064096,4
138293,0.08927968746036025,0.7940596425213237,0.6191548239480359,0.04222701676097629,1
138354,0.2769068577508327,0.40974899641558576,0.7774920703685527,0.00485352358953086,1
138716,-0.39426339832349167,0.2301929804795651,-0.8607404044353288,0.0006694307327958982,3
138813,0.09123863290100334,0.789627538513675,0.6117578174752973,0.045481215286095,1
138947,-0.6384574922321745,0.034500885072704865,-0.6752014905353076,0.02262120267930058,3
139311,0.7454024316003631,0.008461824119669639,0.8084902695603815,0.002592603662453978,1
139366,0.4187707867133953,0.19987121667362245,0.9607231893877881,2.60869295508671e-06,1
139579,-0.06716651762387013,0.8444425505235803,0.6089390733389219,0.04676551921767354,2
139658,-0.6331775704810518,0.036506984005280095,-0.8170464029564699,0.00213859546723951,3
139719,-0.695340163819955,0.017521931665671474,0.18335138771169163,0.5894450265178863,2
139755,-0.3698997258081076,0.2628426587083379,0.4541594367428969,0.16054553487208809,2
139764,-0.013257935277575184,0.9691390788172483,0.20199916850223396,0.551416550801381,2
139861,0.04597982792699977,0.8932129523057151,-0.16051163374077812,0.6373130469320952,4
139931,0.17686989484803842,0.6028901697957558,0.7434888225294376,0.008725380379549962,1
139940,-0.7153728237123225,0.01332383633174135,0.9123965348340628,8.98205622944232e-05,2
139959,0.24381771640567,0.469992945922783,0.7080976978912714,0.014753444846724445,1
140340,0.24946550671341472,0.4594369535114942,0.4399004182053318,0.1757596493117067,1
140447,-0.10486278844732455,0.7589638166489726,-0.9213964986089025,5.5884810490209176e-05,3
140553,-0.34883536867468956,0.2930674971610601,-0.38962785197310756,0.23621301645071394,3
140960,-0.5288531894797244,0.0943933058930774,-0.9412806894470787,1.5488489117049232e-05,3
140988,0.29166740642951144,0.3841624851607242,0.8248371893067966,0.0017793929217352399,1
141060,0.47845317869833953,0.13656480773845167,0.6229830224772948,0.040607859875277305,1
141264,0.2092933901683668,0.5368178577586079,0.9258068784754155,4.337750375752742e-05,1
141334,-0.37473407251882296,0.2561662773206384,0.9717109480601579,6.053584665866314e-07,2
141565,-0.26597459792489236,0.42921988091188235,0.7960935939478337,0.003372863377551867,2
141574,-0.23508854957330183,0.4865214685388178,0.7352516991521697,0.009928611322107225,2
141644,0.6865697522881222,0.01962884613616064,0.07888161352338247,0.8176740765576633,1
142115,0.20819488255694585,0.5390061464767276,0.4947281182281527,0.1218464702997889,1
142276,0.06937837940228374,0.8393764033261236,-0.3355602450708521,0.3130543102908566,4
142285,0.1651133148679274,0.6275609121124015,0.6864577460501768,0.01965686778027413,1
142328,0.0,0.9999999999999998,0.10624572637249913,0.755867868183572,4
142522,-0.26498361575656715,0.43100634697473245,0.1869798238309505,0.5819683346830449,2
143118,-0.07118890755495423,0.8352335488004207,-0.037735542522180254,0.9122895529352674,3
143288,-0.1,0.7698749998921364,0.20316949264266512,0.5490635117161506,2
143358,-0.2496136940773071,0.4591614637044497,-0.04109345330959462,0.9045140842832995,3
144005,-0.40082602305125015,0.22182508813064453,-0.9502355492964566,7.452718182810752e-06,3
144050,0.7962954813347627,0.0033589117937576113,0.1754390840876461,0.6058734190879648,1
144351,-0.0989107293188386,0.7723243320235577,-0.5326134581636675,0.09164312853263974,3
144740,-0.41113481181097833,0.20904718491727933,0.3786930515736041,0.25077161469737164,2
144883,-0.544217800395032,0.08349037506825815,-0.7398151786585565,0.009248042737807945,3
144892,0.7006941886408675,0.01631838173755347,0.9128760063059675,8.769163209164233e-05,1
144962,-0.349529782788751,0.2920418565690854,0.23970739761133622,0.4777437943272172,2
145336,-0.1232341274574252,0.7181110404215202,-0.6343931829402008,0.03603808929701829,3
145600,-0.4653186078910596,0.1492283958586007,0.5182544272674137,0.10243496027546758,2
145619,-0.12558512823363366,0.7129282513841071,-0.8024973556506515,0.002950798874887378,3
145637,0.5841992612466237,0.05912440753830971,-0.11327587335000178,0.7401802564726894,4
145691,0.0466252404120157,0.8917215423818392,0.6732850935220617,0.023155769510426753,1
145725,-0.04549535517478043,0.8943326692517324,0.4146450953468903,0.20479842913363164,2
145813,0.5100866396846563,0.10892789273844457,0.9614670793232118,2.3962000370956483e-06,1
146427,0.210251896690758,0.5349114649259111,0.6376986886762466,0.03478433403537864,1
146481,0.3108783804193218,0.35210631810293697,0.3653237226622786,0.26925211040711716,1
146612,-0.5321470567254036,0.09198134116122014,-0.9107511769480362,9.742787824755683e-05,3
146719,-0.564105814435113,0.07066533805760827,0.2546391004423743,0.4498641327081674,2
147013,-0.040622512143681844,0.9056041408958309,-0.19748571678489457,0.560529124313177,3
147341,0.372677996249965,0.2589938466875499,0.47033200657927277,0.14431133042163397,1
147660,0.2793104783995617,0.4055269195142175,0.26535198939367693,0.4303418581872355,1
147703,0.09949068284995316,0.7710200159999934,0.8338755837683721,0.0014214576388470927,1
147767,0.4134821406596476,0.20620028317088365,0.7021728138244315,0.015996735530319973,1
147776,-0.43516288630872046,0.1810026402309255,-0.17082653286172397,0.6155272835052537,3
147828,0.7014326631699892,0.016157166328400367,-0.45300260863099845,0.16174826588570895,4
148016,0.3,0.3700831222820675,0.47725567845258465,0.1376901358530747,1
148131,0.3,0.3700831222820675,-0.39102886074034904,0.2343840333634893,4
148487,0.2801287683946653,0.40409444573769354,-0.875315844826623,0.0004160774459249687,4
148496,0.18481698994142476,0.5864206511513772,-0.5334773511558308,0.09101883910657486,4
148584,-0.2300310668588686,0.4962140153306825,0.022698945644280155,0.9471838556076047,2
148627,-0.20013904566638413,0.5551648439710757,-0.8688328927546982,0.0005176105803639859,3
148654,0.7882629246931797,0.003947943517972974,0.5129196268389025,0.10664641814956903,1
149222,0.01416690687525804,0.9670241954683937,-0.5320502628414021,0.09205163439824883,4
149231,0.6080803571274298,0.047161686283452915,0.9432349099150404,1.333836906635974e-05,1
149772,0.5946656423063188,0.05365365133679116,0.9809306177816619,1.0399894223415902e-07,1
149781,0.5,0.1173068030142382,-0.02500225962960933,0.9418319357067125,4
150066,0.10888374581677827,0.7499711598130196,0.392252946377875,0.23279278122880306,1
150136,0.4023404474198299,0.21991985166523834,0.8476760549199853,0.0009825633347327277,1
150163,0.02455264945803426,0.9428764747628955,0.42373024622807853,0.19404319608217316,1
150400,-0.24477451923977134,0.46819693772337173,-0.4350082807600606,0.18117532686871746,3
150455,0.052532496548932855,0.878086310082293,0.277364347982842,0.40894374346977563,1
150534,3.469446951953614e-18,0.9999999999999998,0.45486366068338724,0.15981609008117045,1
150604,0.43739051643343047,0.17852561963732874,0.31131859693405894,0.3513885866861254,1
150756,0.46114092078361646,0.1534048942901827,0.5874734966051091,0.05737399096931865,1
151102,-0.11779816748240582,0.7301352280320166,-0.04424920882553249,0.8972135627433351,3
151111,0.5358928617074659,0.08928817081990068,0.6087999626638427,0.046829541509615505,1
151263,0.39999999999999997,0.22286835013351997,0.13206364025744222,0.6987031721623327,1
151290,0.21295296321482426,0.5295544169898794,-0.381873524027888,0.2464853549334814,4
151306,-0.04615384615384617,0.8928108027274748,0.43943697277518534,0.17626839029569652,2
151324,-0.09586141825916944,0.7791908696699866,0.8445370830920462,0.0010718999293330808,2
151333,0.22795753232178942,0.5002121646276759,-0.3817304742131672,0.24667722900571282,4
151342,-0.10373282256786132,0.7614958049181432,0.5725394461306696,0.0656518898377536,2
151351,-0.21658819773152577,0.5223802571333133,0.3362885940073864,0.3119390932225039,2
151360,-0.5581455487067397,0.07435952884692536,-0.7426781313340678,0.00883881986345528,3
151379,0.2984740783794217,0.37264148708893,-0.6325571343062801,0.036747934622157405,4
151801,0.4977477362969761,0.11923270566815773,-0.8249578849172667,0.0017742100415561125,4
152080,-0.13897774616549724,0.6836170966703986,0.4944536438467692,0.12208585852055735,2
152318,-0.262268033288679,0.4359198820863408,0.2544456697033559,0.450220359488367,2
152530,0.521749194749951,0.09973576000996551,0.6186149008360664,0.04245891991556414,1
152567,-0.4000000000000001,0.22286835013351974,0.011947757825854957,0.9721877494238528,2
152600,0.5590049178681562,0.07381908867963348,0.5501855328851835,0.07949166586899706,1
153001,-0.5587214691698053,0.07399705223626488,0.3789940842322982,0.2503641015682489,2
153108,-0.18892235936211535,0.5779806277608731,0.014877376765750627,0.9653712936222862,2
153144,0.36810577112571796,0.2653449892286654,0.3414652278158625,0.30407500160217504,1
153162,0.5739130434782609,0.0648587621493793,0.1281541725111437,0.7072772223203315,1
153269,0.2078958040292884,0.5396025630545456,0.3067869665431506,0.3588133442701921,1
153278,0.2056137882576373,0.5441622273018253,0.054116719170319086,0.8744344884301001,1
153302,0.12023774168922385,0.7247320439407611,0.6055034387442543,0.048364400871670155,1
153366,0.0920551433909033,0.7877818311351982,-0.029097837274510374,0.9323210169426192,4
153375,0.08713212091060829,0.7989247854197506,0.13131275164914363,0.700347567421976,1
153384,-0.03676533549217373,0.9145374462454747,0.24020270864541007,0.47680675397410843,2
153603,0.5123771589239384,0.10708085586293059,0.7676584200018818,0.0058062753678678235,1
153658,0.20968680068381604,0.5360350561518991,0.7565483023400474,0.00704060349494292,1
153825,0.1144774205279886,0.7375077289500942,0.5048609140916769,0.11321879878316399,1
153834,0.5,0.1173068030142382,0.29759549865742085,0.3741185870765032,1
154004,0.4,0.22286835013351963,0.4737936526804064,0.14097640891858496,1
154095,0.29999999999999993,0.37008312228206774,0.6776816987120156,0.02194245445751315,1
154235,-0.06914947580813233,0.8399004437273034,0.3276954951150376,0.32523320378568527,2
154350,0.42381717739200847,0.19394196434864644,-0.09222087729575472,0.7874073118781403,4
154493,0.093362039438108,0.7848296572750959,0.3025085563184501,0.36589682440372673,1
154527,-0.02270708199252596,0.9471649466359708,-0.14087475706888736,0.679495789140814,3
154688,-0.4891748515594707,0.1267485826083513,-0.16686925794295093,0.6238535691698825,3
155025,0.10547935178552464,0.7575831366456965,0.046200624212611646,0.8927027042530743,1
155061,0.7626369587068513,0.006342583603580772,0.8151652412391577,0.002232880374372856,1
155089,-0.4066028858324579,0.2146093684180549,0.34588639638993196,0.29744515656546316,2
155317,0.022629530790059395,0.9473451775610837,0.8152111159945493,0.0022305448966830656,1
155335,0.10000000000000002,0.7698749998921364,-0.029583083016087836,0.9311946636052166,4
155399,0.38137584209067366,0.24715327074476834,0.3056953293993222,0.36061392216904076,1
155414,0.13362959313221914,0.6952775846180081,0.23841562187008014,0.4801914903479864,1
155681,-0.018729186319438186,0.9564123720359436,0.3614400846127679,0.274760162460857,2
155900,0.3497236795161024,0.2917558277679224,0.07858248152275552,0.8183555254981123,1
156082,0.18712000000678886,0.5816802227323141,0.19953191085021177,0.5563904774526014,1
156286,0.294645793280267,0.3790994300973452,0.695070816379697,0.017584109870912645,1
156295,0.5247074740918478,0.09748760296933368,-0.1581488181928923,0.6423407000745737,4
156365,0.13370525409297512,0.6951122019502675,-0.3658841491246348,0.26846245246002987,4
156408,-0.5,0.1173068030142382,-0.004819371389640184,0.988779798013228,3
156620,0.217521192167821,0.5205456362364268,0.6986772226419594,0.016764582850229012,1
157058,-0.005054744327806032,0.9882318472711377,0.36168607826247173,0.2744094177734952,2
157085,0.5401091199416744,0.0863196209855927,0.8434015776916868,0.0011056745547538926,1
157386,0.31076493682312467,0.35229140059338865,-0.1947039228268459,0.5661751483212931,4
157401,-0.18312921145818678,0.5899040184699074,-0.40466701953963263,0.21701172644916192,3
157447,0.22909150538044673,0.4980239218280648,0.9052722247482337,0.0001263549284875198,1
157535,0.37267799624996495,0.25899384668755,0.28119161635808054,0.40223757735910226,1
157818,-0.2859154929577465,0.39403574471259173,0.17857570949082338,0.5993406612531328,2
157951,0.7685890917275874,0.005710663581241154,0.08715117581596346,0.7988815895533743,1
158802,-0.036235526008740804,0.9157652113388725,-0.8011569169077524,0.0030357022003439094,3
159009,-0.4425209874295667,0.1728998710370596,0.32777146400267027,0.325114369658751,2
159391,-0.20327734568558847,0.5488468688568152,0.9200414861639814,6.023213227107893e-05,2
159416,-0.14518269984634602,0.6701660015389199,-0.11737816553202601,0.7310665701596432,3
159647,-0.04925148805076379,0.8856561391928918,-0.5235330399787916,0.09837610517197218,3
159717,-0.18486130693210565,0.586329292055269,-0.45033040603405716,0.1645477786842186,3
159939,-0.00033382316405083934,0.9992227898547954,-0.05471950405808486,0.8730455711966987,3
159993,0.045976937816706004,0.8932196314327112,-0.6280751085040628,0.038521569689847504,4
160038,-0.1803768706076402,0.5956012306108477,0.05898637775460058,0.8632233779907921,2
160612,0.23204685249010998,0.49234070340473074,0.4746511230325613,0.14015790825297678,1
160621,-0.17281480106275904,0.6113591082216878,-0.7901078998958331,0.0038063749287644117,3
160658,0.5638090117032657,0.07084631713534362,0.5965021931090401,0.052730773130265,1
160755,-0.630228254319442,0.037662259175314405,-0.06314804536833707,0.8536600692360021,3
160904,0.08641504032586043,0.8005507135181982,-0.49979515864799967,0.11748112880737296,4
161004,0.7911037337817124,0.003731542899873672,0.6196496608362819,0.042015250100925675,1
161086,0.35701881702001703,0.2811069173697871,0.4428344842874248,0.17255968203263677,1
161217,0.1604805805819295,0.6373790342142263,0.553181253735248,0.07753334831820594,1
161226,0.29999999999999993,0.37008312228206774,0.7394239250394783,0.009305019780970362,1
161235,0.4,0.22286835013351963,0.5786099437601275,0.06219570003064319,1
161253,0.4,0.22286835013351963,0.5357635861620242,0.08938023978028123,1
161554,0.325569439610065,0.32856828311300174,0.8694316963032243,0.0005075189125403325,1
161563,0.3737956220955149,0.25745466578636444,0.6408613094188949,0.03361360551894075,1
161873,0.0521879751681029,0.8788807575446114,0.8702481523183168,0.000493999816276204,1
162007,-0.6894620544348697,0.01891508285011951,-0.9197505470131445,6.11983776639009e-05,3
162061,0.07045545663168142,0.8369113855969866,-0.3668666466953248,0.26708123922803867,4
162210,-0.45139725997112035,0.16342653367715546,0.032388784841703044,0.9246843419769776,2
162283,-0.5148947921807906,0.10507428050181329,-0.7796664777843734,0.004659482639120887,3
162584,0.6960476672813036,0.017359356422286844,0.7382405924056968,0.009478900377918941,1
162654,0.7853553513056596,0.0041789033159642976,0.8430661283151704,0.001115803497669025,1
162760,0.3878113725457143,0.23859668071909781,0.40330617151903236,0.21870996277949262,1
162928,-0.3977111683564881,0.22577415734914347,0.4627317755029013,0.15180599860485705,2
163046,-0.02877370420648359,0.9330734574236094,0.4255446121428651,0.19193695623211698,2
163204,-0.17751278525210828,0.6015515117881898,0.2240988870306721,0.5076894685815482,2
163268,0.2614233502807751,0.4374536253672035,0.8367057101084789,0.0013213783659529624,1
163286,0.3365851956999055,0.31148556629830504,0.7347345705477328,0.01000796427041151,1
163338,-0.19931791935250553,0.5568227240050568,-0.4266152515122287,0.1907005853897555,3
163453,0.06666199429765204,0.8455988811277729,-0.48613764040150426,0.1294821011232998,4
163462,0.4512774881740206,0.16355217565481864,0.8123164152006889,0.002381521811895831,1
163851,0.07442222353531719,0.8278444696254638,0.7815823480281139,0.004493310426622706,1
163912,0.09487852749095553,0.7814072209430099,0.5223892898686896,0.09924647209000059,1
164076,0.8274060898197624,0.0016714961798953477,0.9789997151334936,1.600728578688875e-07,1
164155,-0.11973856112803516,0.7258367239649687,0.47409322416818794,0.14069011050510555,2
164173,0.8180348265740718,0.0020902623606328056,0.7245917245083737,0.011659341903147562,1
164216,-0.18968470111700858,0.5764185589605645,0.6576372788643225,0.027860934452509326,2
164270,0.49767029415354236,0.11929928498116023,0.9437330212030557,1.282904524265186e-05,1
164465,0.46854140554194107,0.14605566340460474,0.12141023912702385,0.7221391774726309,1
164562,0.3499277083540776,0.29145501945787283,0.789035345961628,0.003888208380576155,1
164739,-0.16849656218331704,0.6204247973409996,-0.07964321999460428,0.8159395824112662,3
164924,-0.34780806544329096,0.2945884452050862,-0.7200539474982494,0.012458588932971143,3
164988,-0.23696233695212326,0.4829519133906491,0.7406593603835745,0.009125973122336865,2
165015,0.17358492514359886,0.6097473993797381,0.5135655758938594,0.10613060276123698,1
165024,0.6055221575897035,0.048355589073891446,0.9380098138251005,1.9672848437684713e-05,1
165334,-0.4007272070387803,0.2219497406615174,0.5960234831375808,0.05297027314944636,2
165529,0.5769787811592753,0.06311198500166214,0.9181052355321744,6.68879971718292e-05,1
165699,0.2,0.5554454421055853,0.4085073281785058,0.21226143022674462,1
165820,0.5534279565813781,0.07737352704393492,0.9255039127442419,4.4160601541271964e-05,1
165866,0.058276501803857836,0.8648563175851125,0.9200208831642956,6.030017062851974e-05,1
165936,0.4911649701357439,0.12497759398494823,0.8000557650409066,0.003106795401933069,1
166018,2.7755575615628914e-17,0.9999999999999998,0.7437123474839193,0.008694290269250437,1
166027,0.0463671809129681,0.892317825044057,0.5638091249314809,0.07084624803376499,1
166513,0.6012035166395863,0.05041794833512919,0.23574719264752728,0.48526542349526525,1
166629,-0.2733951844938619,0.4159557884087837,0.745765214318501,0.008412521744254204,2
166638,0.61957335413814,0.042047857675526434,0.5979972008250845,0.051987588570233674,1
166683,-0.5279769525969966,0.09504186267490791,-0.30650574464628516,0.3592767551231771,3
166850,0.3,0.3700831222820675,0.47055883620633066,0.14409130110028712,1
166939,0.7214492722196701,0.012208738206050734,0.3156804324837446,0.3443182873943633,1
167288,0.22027838724920407,0.5151399549641908,0.5627578585618077,0.07148977361949904,1
167358,-0.6944862548481462,0.01771959782368603,-0.407690785377757,0.213266251546073,3
167394,0.4445969642220409,0.17065478726998037,0.574683818622963,0.06441655779908605,1
167729,0.2681595327827063,0.42529358000792356,0.5780601832327716,0.06250350747349777,1
167792,0.29999999999999993,0.37008312228206774,0.25209551085166715,0.4545589348078517,1
167835,0.7262349005849347,0.01137930606334473,0.4549272412641927,0.15975033381990023,1
167987,0.4237922020752084,0.19397104496037534,0.9532123027201382,5.670949195642591e-06,1
168005,-0.5572357082769924,0.07493458888618909,0.6689815832990529,0.024388779076324855,2
168148,0.19687308156419733,0.561770622446547,-0.2845912057980051,0.3963265972680993,4
168218,0.2462805485593302,0.46537632270141316,0.329504890674176,0.32240917111704337,1
168227,-0.09372355457112018,0.7840134709309753,0.0018147390655001705,0.9957749235859881,2
168254,-0.6310279326366773,0.03734653821639447,0.2917581460783845,0.38400773435708707,2
168263,0.16411530202727334,0.6296714837834575,0.7910087557097867,0.0037386326444673766,1
168281,0.3769099286659286,0.2531932453639548,-0.06593024255149507,0.8472764881020038,4
168342,0.7741190523081524,0.005166228946186064,0.43186709368525,0.1847056043616326,1
168421,-0.46577801739925584,0.1487735103371812,-0.6607082133211,0.026888658999433084,3
168430,0.292883099719034,0.38209180085488775,0.8202769987257627,0.0019836472811736116,1
168740,-0.1787069355639847,0.599067924934231,-0.4431536003580072,0.1722138174815548,3
168847,-0.39889365276354677,0.22427016619615173,-0.8971783547659684,0.00018055082356025696,3
169080,0.513923114935143,0.10584579243457531,0.6286391870220533,0.03829514393081227,1
169248,0.589266407521987,0.056430609483061174,0.8533238852888655,0.0008360637971309592,1
169479,-0.6198871622301176,0.04191387246669291,-0.6536810275805158,0.029149699418228748,3
169798,0.18805495761654561,0.5797599556410237,0.5723990603427833,0.06573331685049934,1
169910,-0.3878456544291738,0.2385515660388006,0.17105493932325835,0.6150479341489796,2
169983,0.2323531082104629,0.49175340495272074,-0.44332414251732855,0.17202915496896218,4
170082,0.632812721131869,0.036648541917239784,-0.43014567851041974,0.1866578259642559,4
170301,0.5761970299870556,0.06355434498847896,0.5204689844481566,0.10071907567164647,1
170532,-0.02266744322775699,0.9472570678348378,0.6621338002412895,0.026445554617108784,2
170639,-0.12900197453512977,0.7054152349389412,0.00462228132738382,0.9892386291627061,2
170675,0.011094245044307893,0.974173982514,-0.6654371253639751,0.02543867169729488,4
170806,-0.447213595499958,0.1678506560570747,-0.7572428779041847,0.006958260221266972,3
170976,-0.5562039826505374,0.07559027673635503,-0.23649000884774712,0.48385059228714244,3
171100,0.4472679048736944,0.16779275777901967,0.315798172938172,0.3441284779547658,1
171128,-0.31188592298961826,0.3504647390966527,-0.7285817774665939,0.010987838556350982,3
171137,0.26902347149218914,0.42374586419956006,-0.6131630376759725,0.04485013421076925,4
171146,0.07738304656305195,0.8210890726640038,0.352102283101708,0.2882595983792207,1
171456,0.2025394385794633,0.5503297845275255,0.4813924226953349,0.13382744432596153,1
171492,-0.39210350390472426,0.232986711191092,-0.7385117756656641,0.009438845199978233,3
171571,0.424506071360897,0.19314086933338934,-0.47137066041564835,0.14330554427768602,4
172051,0.037911897336488865,0.9118810142376843,0.4918333679113891,0.1243863612416529,1
172264,-0.21303991747403345,0.5293823333086833,-0.8860377026731143,0.00028211464214811916,3
172608,0.4397565230937992,0.1759175119477378,-0.6456965511962941,0.03187743174080842,4
172644,-0.62494893010808,0.039793341008557574,-0.9614426320277092,2.4029635279389153e-06,3
172699,0.5840019141433788,0.05923105524778944,0.915785556137761,7.55869274842723e-05,1
173045,0.03987663423040441,0.9073308740831137,0.7789466629312088,0.004723072024799164,1
173258,0.13820926766031644,0.6852888517733585,0.44851346525525393,0.16646826417143032,1
173647,0.1926190167667709,0.5704213746417575,-0.19177560664859192,0.5721426398584951,4
173902,0.6033610972462915,0.04938020582676095,0.08123876150283288,0.8123082823432867,1
173920,0.24970587975120903,0.45899012300238945,0.7880921107484413,0.003961244534488632,1
174020,0.9423292714901472,1.4304107653575865e-05,0.9604038508824496,2.704249370129339e-06,1
174066,0.5716622307437913,0.06616181321048502,0.331540410360209,0.3192479804690935,1
174233,0.6436208796901475,0.032614840282773894,0.9069077843197881,0.0001171138381847423,1
174251,0.2218001168999557,0.5121668001821086,-0.5046810191407647,0.11336842537370283,4
174358,0.7270856213697148,0.011236254098699511,0.8806047667500554,0.0003450722752767982,1
174783,0.9271898552223559,3.993704155242021e-05,0.9649467645857983,1.5730763694248848e-06,1
174792,0.4076368685608287,0.2133326994847958,0.8841292597330197,0.0003031395100368219,1
174817,0.7438020566016753,0.008681835360981764,0.6896766876842901,0.018862865940802956,1
174844,0.42927934152670044,0.18764503219083314,0.234987892814844,0.48671355000307215,1
174899,-0.4329577290380322,0.1834751797010622,0.8519094105318389,0.0008710944031111551,2
174914,-0.2494179489297342,0.4595253825966102,0.020366066064042114,0.9526064704451384,2
175078,-0.253108892147166,0.4526857859666375,0.8096936227597936,0.0025247744484635654,2
175272,0.039598138978551564,0.9079756929218381,0.6251513347862816,0.03971012967138147,1
175856,-0.6681796100037959,0.024623591095922603,-0.6496579990430104,0.030502662625767635,3
176017,-0.320270974893868,0.3369585870946538,-0.24824310448001125,0.46171237523318304,3
176044,0.2091934723260087,0.5370167477837334,0.12870392102339506,0.7060696710131041,1
176053,-0.13003062162563667,0.7031580126145618,-0.19218397828187578,0.5713089653926103,3
176080,-0.4325153610962618,0.18397364474125907,0.698253708430588,0.01685937413981692,2
176318,-0.0029714041211181402,0.993082020096717,0.809321530974641,0.002545605248770806,2
176372,-0.7175659959028806,0.012913229572814326,0.2761431156422919,0.4110950233031665,2
176628,-0.020718124527365323,0.9517880145762794,0.8228674318623684,0.001865588024760616,2
176947,-0.09724894069397931,0.7760646156864699,0.6418395935810426,0.033257123022663045,2
176965,-0.33964755663151514,0.30682388827170715,0.8658595662612989,0.0005699868227145261,2
177065,-0.20533063147745423,0.5447290941221341,0.2860885732369314,0.3937368248051276,2
177339,0.12185435916898849,0.7211577314415157,0.3991190940178676,0.2239840984475687,1
177418,-0.4788101985024949,0.13623043519533867,-0.8801345695181247,0.0003509824462215194,3
177542,-0.3,0.3700831222820675,-0.0317641242891471,0.9261334518553436,3
177940,0.12790383757754076,0.7078272968921963,0.4766300297454706,0.13828040154403667,1
177968,0.31497997380227993,0.34544863081100463,-0.7846599474506053,0.004235590003236658,4
178341,0.5712205579302752,0.06641956530378239,0.6892535878220791,0.018965898307857654,1
178369,-0.4831606542502103,0.13219756206240268,-0.6741280940799259,0.022919527507117912,3
178387,-0.6875551643752837,0.0193835438252743,0.8063569916205332,0.002716170995156674,2
178396,0.4504718652227262,0.1643988350095549,0.6397749906722956,0.03401257814308187,1
178402,0.01981522648631881,0.9538871293880695,0.05524398218008745,0.8718373473850953,1
178411,0.05369552856893284,0.8754051710546276,-0.659601810642983,0.027236146621558394,4
178420,0.35514343975352647,0.28382347826758164,-0.24316277031782904,0.4712241407023779,4
178615,0.126486723133173,0.7109435563000703,-0.4341877417084722,0.18209350673911617,4
178624,-0.25507139956351366,0.4490684748486896,0.6348170642092241,0.03587557935072082,2
178697,3.469446951953614e-18,0.9999999999999998,-0.1222245147912967,0.7203400251542584,4
178721,0.1040111830057465,0.760871868657538,-0.2869070136100998,0.39232485853033894,4
179159,-0.014867676728690465,0.965393859861414,-0.5359015943552008,0.08928195375922145,3
179326,-0.10000000000000002,0.7698749998921364,0.527968821665983,0.095047894536948,2
179557,0.3695404543323906,0.2633427200677808,0.5138426570102501,0.10590984065137037,1
179566,0.23375449130570988,0.4890699582375824,0.8631569752827348,0.0006209812511031618,1
179867,0.05616144248988528,0.8697244152077164,0.3611174355131762,0.27522058544496014,1
179894,0.1940180652858237,0.5675706239441433,0.08892800376660476,0.7948559078862796,1
179946,-0.004886868948030865,0.9886226625140275,0.3696587466775414,0.2631780123153747,2
180461,-0.3015182187203962,0.3675465972321659,-0.23130634135286554,0.4937620376515365,3
180489,-0.20000000000000004,0.5554454421055856,0.6809480717758247,0.02107082005370622,2
180814,0.2244252985915897,0.5070550870536875,-0.6338103479059086,0.03626237718120046,4
181002,-0.2596782479539749,0.44063037595314986,-0.294211279459471,0.37983596347317755,3
181020,0.049975076408929835,0.8839859432695482,-0.18638266739343584,0.5831963171278083,4
181127,-0.074535599249993,0.8275855965776872,0.5561297401150219,0.07563760716677446,2
181215,-0.3,0.3700831222820675,0.8319817764837072,0.0014915287973977195,2
181394,-0.19827181709756392,0.5589377035091164,0.8270139947771489,0.0016876393345558053,2
181464,0.7947579251289822,0.0034662511286216325,0.2860298851253942,0.39383817001414007,1
181534,0.5279930656716405,0.09502991006996478,0.5133497524863635,0.10630276535393561,1
181738,0.17777777777777778,0.6010000523646946,0.59309697156849,0.05445061041829313,1
181783,0.3470254532281841,0.2957500306368468,0.5975381091475856,0.05221504001413614,1
182281,-0.19703297546332174,0.5614464940083499,0.28869640969638494,0.3892466146739634,2
182290,0.34986254718747056,0.2915510706980398,0.6970899632171728,0.017121822844806584,1
182670,0.2146683485528805,0.5261639713055919,-0.41845035637891453,0.2002513288669492,4
182980,0.4883284949679098,0.1275065753812034,0.8729489452718918,0.00045121304912339183,1
183026,0.8770754059968975,0.00039133161658374833,0.9391616529210249,1.8111123083854913e-05,1
183044,0.686151644916797,0.019733593557986154,-0.6102660928017839,0.04615781867970094,4
183062,0.10000000000000002,0.7698749998921364,0.8222367014414022,0.001893836526256032,1
183071,-0.10210549404852615,0.7651459521464873,-0.04828409834976849,0.8878897319838704,3
183080,-0.15683728178769243,0.6451372578623269,0.7393062871142166,0.009322200882988177,2
183239,0.2684626031653528,0.4247503315827328,0.37940549143791624,0.2498077868214564,1
183822,0.3147945301696438,0.3457482095195059,0.1064063590097469,0.7555084718289365,1
184348,0.03992780563503048,0.9072123989284969,-0.016495307370364823,0.9616076582603295,4
184603,-0.3681578441705986,0.2652721650593101,-0.7302281284573099,0.010719114955962313,3
184612,0.1056928378983088,0.7571052217594058,0.6150417356245255,0.04401589313891264,1
184782,0.4659068975625754,0.14864605546445858,0.8625164343792193,0.0006335564862239416,1
185129,-0.23481759032222954,0.48703861181510066,0.00910234945931282,0.9788098722837337,2
185262,0.2935112184565003,0.3810241374246313,0.8192448816935034,0.0020322070017589925,1
185572,0.20616775378696806,0.5430539115395759,0.42390776697144283,0.19383650622945284,1
185590,0.028518810628515412,0.9336652003459026,0.7813922722293318,0.004509598017058626,1
185828,0.06890062055345157,0.8404702266484356,-0.5651180351342753,0.07005046056170157,4
186201,-0.035836590533145696,0.9166898019847488,0.21705520592621236,0.5214616007490825,2
186283,0.44831905517706266,0.1666745682378032,0.8800981812997275,0.0003514430091126991,1
186371,0.06953308711233969,0.839022256396671,0.43189364182367074,0.1846755941551814,1
186380,-0.30846673967098814,0.35605177048515546,-0.5329999146499025,0.09136350952385458,3
186399,0.22708288238115748,0.5019028448289043,-0.6567437484322534,0.028148422862000682,4
186432,0.42976569461583175,0.18709043584038754,-0.7867159854872574,0.004069613912729452,4
186867,-0.4894057339709208,0.12654230596612737,-0.588967189219992,0.0565873098262046,3
186876,-0.3718011693757185,0.2602050566271276,0.5739724244538091,0.06482462175459765,2
187134,0.08385302337657968,0.8063656669118519,0.3314669933109189,0.3193617075313466,1
187444,0.7202648752061515,0.012420584554146217,0.9220080778871437,5.40033006026782e-05,1
187897,0.0,0.9999999999999998,-0.7722692883753084,0.005343885840434613,4
187967,0.5,0.1173068030142382,-0.3329309143370577,0.317098125578728,4
187985,-0.30776242734195075,0.3572083278550419,-0.3596636757405032,0.27730047025758864,3
188030,0.38583090765795114,0.24121134430778543,0.16500426625923503,0.627791403794783,1
188429,0.22946771754787812,0.4972988663892224,-0.8507934824824093,0.0008995022727947405,4
189097,0.4912799469601411,0.12487576330411804,0.5914143065447506,0.05531443053287172,1
189705,0.1182211503553181,0.7291976063191264,0.753042925332569,0.007467103286213808,1
190044,-0.08483717749782238,0.8041308973251146,-0.3881619423907723,0.23813556679290682,3
190099,0.45555974867085125,0.15909709647661102,0.05802938186989137,0.8654248833715924,1
190150,-0.24194305079788056,0.47352090832406174,-0.44521192663003045,0.1699931884851407,3
190415,0.6755120996565608,0.022535393445347465,0.798389871314512,0.0032166895423456133,1
190512,-0.5614510063673861,0.07229520970386065,-0.5271482615084295,0.0956579131822807,3
190549,-0.6652009052527332,0.025509758442925645,-0.8938052881804679,0.00020773020671766186,3
190558,0.038826161227534045,0.9097633646434575,0.8333273760048172,0.0014414820134899353,1
190567,-0.34186140708419543,0.3034776440095989,-0.9624212821501301,2.1434833360063333e-06,3
190594,-0.569924509422468,0.06717982349736014,-0.6314150791994266,0.0371943530348675,3
190600,-0.582687473970541,0.059944724117632665,-0.8787466209343494,0.0003688768269383294,3
190637,-0.12015216487431879,0.7249213909186341,-0.5226929275542026,0.09901492182675714,3
190646,-0.2936712011675033,0.38075244275057035,-0.9359937289235633,2.2653303997432877e-05,3
190655,-0.8636122248948288,0.0006121589759541772,-0.9546249117450533,4.950347500171433e-06,3
190664,0.03801678960025273,0.9116380327885691,0.4018369219288551,0.22055224372365634,1
190691,-0.5441932337732691,0.08350710626711375,-0.9703774192872415,7.433520883410366e-07,3
190761,0.42401324748473745,0.19371375665465648,0.06929165580128695,0.8395749371089725,1
191241,-0.7098199330757494,0.014405493334778498,-0.7952343386739251,0.003432724008866353,3
191515,0.45842691819666986,0.15615677116314094,0.49877047656815016,0.11835566444387785,1
191533,0.4944797400319039,0.12206308526463491,0.8318857378811679,0.0014951498415322264,1
191621,-0.4863194066737753,0.1293174631971234,-0.5938246417454778,0.054079921053057665,3
191630,0.030785126652527015,0.9284049694117491,0.6361060382003598,0.03538454720523779,1
191649,0.25464061384107867,0.44986134611372824,0.2700905931522451,0.42183789774003766,1
191676,0.39999999999999997,0.22286835013351997,0.46512356093131424,0.1494217850782543,1
191931,-0.38362829346085503,0.24413865540898463,0.8632721753356352,0.0006187397742792933,2
191968,0.5431826965404514,0.0841972659959957,0.8458024495801064,0.0010351827856561972,1
192448,0.383705909084461,0.2440351565462346,0.8339578706960643,0.0014184700405978578,1
192703,0.09288596250836316,0.7859047844530691,0.7379610839923805,0.009520314533691546,1
192819,0.584638416795663,0.05888755341165516,0.5731848063059871,0.06527844204150368,1
193016,0.12518762309275216,0.7138037942209682,0.6858592243069045,0.01980708960019312,1
193292,-0.05960951203795217,0.8617903673198439,-0.800531800363895,0.0030759113520887837,3
193308,-0.5169102724181921,0.10348567714729469,-0.7502699051770758,0.00781764840143101,3
193353,0.004115877674054108,0.9904175640781597,-0.4232235613728805,0.19463386613034356,4
193900,0.3719583009775802,0.259987765723172,0.9137906470623434,8.373762265152927e-05,1
193973,-0.23577792105603607,0.48520685907891364,0.4695234035927386,0.14509740946451602,2
194091,0.1845756081907346,0.5869183527480024,0.007699046298115297,0.9820762471672408,1
194310,-0.28611226021113706,0.3936959247718621,0.14950678297522058,0.660843126876407,2
194824,0.3743950340996532,0.25663131449415993,0.43027895805963584,0.18650623159877197,1
195003,0.39351122972770325,0.23116364884588503,0.0569618997061796,0.8678815677816001,1
195030,0.7824442770085775,0.004419996175609939,0.7481554788557043,0.008092906547328523,1
195128,0.43851691983791147,0.1772810319643993,0.6447477530364598,0.03221303798692801,1
195164,0.4,0.22286835013351963,0.12439833982690846,0.71554318327517,1
195173,0.0037632668797941693,0.9912384712390044,0.47570302717902924,0.13915791371010147,1
195216,0.4000000000000001,0.22286835013351974,-0.026897686778194707,0.9374293810525343,4
195234,0.69109484418104,0.01852043614542869,0.9179881384634828,6.730781247748347e-05,1
195243,0.40274531837030003,0.2194121380948661,0.6691304747709174,0.024345359982998548,1
195474,-0.5241540756663977,0.0979056114494485,0.5669650593928544,0.06893776713570794,2
195526,-0.0879598994267085,0.7970487490057124,0.682114421085571,0.020765642242689973,2
195544,-0.0896256922535695,0.793276407193516,0.2902854170698214,0.3865232518771521,2
195720,0.08169014084507045,0.8112815849422901,-0.5554808839747984,0.07605210350609846,4
195809,-0.5010113928700803,0.11644851961856921,-0.2441234361254241,0.4694187417901455,3
196006,-0.10272763723264111,0.7637499557199428,0.9318685895511234,2.9823832903734066e-05,2
196015,0.5495962038320186,0.07988075247006131,0.5639253356564824,0.0707753501359166,1
196033,0.10045922732551787,0.7688429460993921,0.3764788106430744,0.25378073914536664,1
196042,-0.7356050956549557,0.009874646691202077,-0.1529864248746802,0.6533721082549246,3
196051,0.5938546569311662,0.05406466786537201,0.6971027299806785,0.01711892789260795,1
196060,0.8113226662444708,0.00243506633252672,0.962996218482548,2.001480428985701e-06,1
196079,0.2932699270624678,0.3814341014899014,-0.12876391672755386,0.7059379240711906,4
196088,0.43845333022198485,0.17735115189755102,0.9067265948454952,0.00011811133737586934,1
196097,-0.2490987480032314,0.4601191083451125,-0.46290446824982434,0.15163306195333187,3
196112,-0.38792360572492157,0.23844900116152606,-0.4854472673912011,0.13010863415844778,3
196121,0.3968060304856793,0.22692937582443165,0.9412252748987375,1.5553111629642614e-05,1
196130,0.9025176760388158,0.00014316411411062174,0.971672919816523,6.089955310698813e-07,1
196158,0.25121400237137986,0.4561912402244041,0.9154066593060384,7.708619211980413e-05,1
196176,-0.29547700025311013,0.37769248562635444,0.3109303452839233,0.3520215546519073,2
196185,-0.32186486984864693,0.33442280601859264,0.8166181471623071,0.0021597936768484108,2
196194,0.6170014161534924,0.04315718049501975,0.9606821072445066,2.620837685278313e-06,1
196200,-0.055814042796341945,0.8705243954314922,0.9702879426659428,7.534120314269127e-07,2
196237,-0.36539242896309687,0.2691552308288103,-0.3278420463574599,0.32500398219565346,3
196246,0.6376849919990126,0.034789465287107385,0.847477939174752,0.0009880300563469566,1
196413,-0.725452153340435,0.011512089551491288,-0.011322645186932406,0.9736424529317924,3
196592,0.5966389824297322,0.052662473377102864,-0.8028897614320172,0.002926281216751417,4
196680,0.01276050132274828,0.970296523308857,-0.45952015407946334,0.15504461257058996,4
196866,0.8601291494619647,0.0006821252939268962,-0.5061735371715357,0.1121308926349328,4
197036,0.3204550066198123,0.3366652878022073,0.9260165129004685,4.284190831542166e-05,1
197133,-0.5700997391434537,0.06707669300699833,-0.40368943401726454,0.2182308898617577,3
197151,0.12118951708579792,0.7226270837006825,0.6066309869169155,0.04783558059896632,1
197197,-0.029109849879887753,0.9322931319074965,0.31090721623782464,0.3520592807131978,2
197869,0.3427829932511393,0.30209055989560774,0.48401836999962966,0.13141151902298,1
198136,-0.18594093066768183,0.5841053352710773,-0.3636427698687008,0.2716284620693407,3
198419,0.26637640208342095,0.42849654861309794,0.07236761940302944,0.8325384300712418,1
198464,0.7295925543852537,0.01082228394215447,0.6969839072266947,0.017145885341835487,1
198507,-0.7202932782368513,0.01241547338512132,-0.960459725179146,2.687338031688675e-06,3
198516,-0.05023654315117759,0.8833825262993387,-0.3424394873112673,0.3026071668268689,3
198543,-0.09917766126622746,0.7717239359403791,-0.9122386564008524,9.053013835408745e-05,3
198561,0.02197301477795241,0.948871025116247,-0.5453109690303231,0.08274811836433411,4
198613,0.4871925071092667,0.12852849601334626,-0.08482845831013269,0.8041506906821786,4
198695,-0.26391285171839035,0.43294061105300724,-0.7052392834180246,0.015344234797991204,3
198756,-0.4856464597401522,0.1299276638523184,-0.24447680451483192,0.468755441067396,3
198835,0.5850555598307674,0.05866316963185197,0.19014667575205862,0.5754727517978564,1
198862,-0.46604548928272144,0.14850907276830302,-0.7265828151092963,0.011320644360583889,3
198899,0.3058547946376279,0.3603506056505195,0.744710412230544,0.008556454032160547,1
198950,0.30697030675746023,0.35851139381890407,-0.30218104519800204,0.36644199440056074,4
198969,0.22923958598294722,0.4977384781317754,-0.5515457809793103,0.0785984280073853,4
199069,-0.797161986772239,0.003299516763028403,-0.9021183104943851,0.00014573591193687934,3
199102,-0.5375420592225798,0.08811911548114329,-0.8491901396810586,0.0009415322585809545,3
199111,0.30525672601630993,0.36133867598187863,0.885976620881323,0.00028276989213412736,1
199120,-0.5579614652385525,0.07447563869447933,-0.7990687686671633,0.003171562219471548,3
199139,-0.4030030457276288,0.2190893046129282,0.7956488631847769,0.0034037483837351832,2
199148,-0.0072183213801589735,0.9831952574783326,0.9710113437176684,6.750197712600042e-07,2
199157,-0.5328256390165911,0.09148953627311371,-0.820484144497617,0.0019740067151787196,3
199193,-0.5567259748511957,0.07525805995145612,-0.7154834611505803,0.013302900035682295,3
199209,-0.6904001939496687,0.01868760696771377,-0.9758812589331516,2.971286842176578e-07,3
199218,0.050615855795359155,0.8825072416917383,0.35025647370410795,0.2909706671917539,1
199281,0.36859190834457073,0.26466556605497066,0.6423562396550012,0.033069931234053905,1
199306,-0.09184553999340707,0.788255542788345,0.274571195213434,0.4138721635742282,2
199582,0.08530905421719231,0.8030598480641982,-0.7576066326556303,0.00691541896369455,4
199643,-0.8781880419965349,0.00037627028713229694,-0.7697677032160426,0.005591247260144309,3
199847,-0.3777053862762338,0.2521113013746961,-0.287260008861672,0.39171665385621457,3
199999,-0.8642801710196724,0.0005993866282587631,0.2657651458967702,0.42959716979049106,2
200004,-0.40568324912523246,0.21574864202661115,0.19325708413531428,0.5691205306605714,2
200059,0.12577517726702578,0.7125097600972828,0.44965344619572556,0.16526170968884188,1
200156,0.31466231846290615,0.3459618766196127,0.6539029651115832,0.029076312983083323,1
200217,-0.18281237795961208,0.590558795964448,-0.4026332684357217,0.2195525810278692,3
200253,0.3466123267842751,0.2963642236748772,0.4901527370510254,0.1258763819843078,1
200280,0.580835760296241,0.060959976747137774,0.8827516573904324,0.0003190401033335487,1
200332,0.6604924578280822,0.02695617423612059,0.9341606586568986,2.5653503800344036e-05,1
200572,0.4297550217944115,0.1871025955608123,-0.4638424791829904,0.1506958763604267,4
200800,0.8689085500341907,0.0005163272186637781,0.07799031677485413,0.819704861122393,1
201104,-0.1387567588045675,0.6840977043589284,0.8061724745229435,0.0027270608996993106,2
201195,0.1602241490131209,0.6379240359596283,0.5255749499495131,0.0968347123310247,1
201441,0.48494244676463927,0.13056799213277862,-0.767038199425937,0.005870643100586006,4
201548,-0.140970621317805,0.679287729256925,-0.040122533303574626,0.9067615690984772,3
201645,0.8577602455111697,0.0007330467166377795,-0.3084220884552167,0.35612503499280024,4
201654,0.5,0.1173068030142382,-0.06466897949136449,0.8501693799527159,4
201690,0.11588423515114152,0.7343819515211578,-0.4122068413128554,0.2077441166378623,4
201885,0.11850979221650589,0.7285579678908731,-0.7600749064200567,0.006629803082299502,4
202134,0.48749076504016864,0.1282596833047157,-0.9647268317251988,1.617464841456793e-06,4
202480,0.078923230636807,0.8175792780869272,-0.0016498512696973139,0.9961588128758524,4
202523,0.698748658767756,0.01674863171471944,0.25942058287970665,0.4411003426852256,1
202763,0.4,0.22286835013351963,-0.08752378843068709,0.7980370099408082,4
202806,0.6083980488943312,0.04701485157881548,-0.8214825847560678,0.0019280291954139493,4
203128,0.5289960584322249,0.0942878362229753,0.5849196134749639,0.058736232035729814,1
203368,-0.1865425254457314,0.5828674904227372,-0.18924000876766794,0.577329552520242,3
203517,0.3593258991456747,0.2777849798173964,0.6251161706920182,0.039724577432608855,1
204024,0.41523160819013666,0.20409359553708561,-0.39676976058613683,0.22697573868117796,4
204185,0.05655688304252593,0.8688139415366757,0.6803581969819724,0.021226371758839506,1
204264,-0.4000000000000001,0.22286835013351974,-0.6964841183006919,0.017259606180276558,3
204501,0.5941508672464261,0.053914296626997676,-0.11525499773758363,0.7357795991667693,4
204617,-0.2931984064175268,0.3815556607303327,-0.6270277409615002,0.038944457633681866,3
204635,0.0,0.9999999999999998,-0.12231049785397524,0.7201501186081551,4
204796,0.0977548145724876,0.7749255604156227,-0.18591456081444424,0.5841596170286621,4
204857,-0.3077231502358857,0.3572728822638145,0.7989483839587139,0.0031795298846196123,2
204936,-0.3684928669349984,0.26480390595518705,-0.19950634713383356,0.5564421071423844,3
205957,0.6020710275481695,0.04999891623556068,0.29258816630324747,0.3825936420005126,1
206084,0.01716946371464584,0.9600396372177468,-0.06081910165947979,0.8590097665967417,4
206437,0.543524042404157,0.08396371784817376,0.26959672780647437,0.42272039219476465,1
206525,0.4977477362969761,0.11923270566815773,0.6770434630602374,0.022115714858842256,1
206589,0.7664917136082681,0.00592779169291002,0.33064010485999173,0.3206441060952515,1
206604,0.28637123706104173,0.39324889022171944,-0.4628816958678512,0.15165585945053803,4
206622,0.16440500934280342,0.6290585613735331,-0.4500527873888993,0.1648403281662292,4
206695,0.04310945963153662,0.8998494593205016,-0.17644692161457126,0.6037715058042983,4
206862,0.23656435344721824,0.48370909052787264,0.1282785266740701,0.7070040188219385,1
206914,-0.06255976583347636,0.8550108622275011,-0.4922564696280575,0.12401303193972604,3
206941,0.39497047102791516,0.22928268093892276,-0.7329943539690945,0.010278386523112885,4
207041,0.5,0.1173068030142382,-0.5410331101006743,0.08567790963373939,4
207209,0.0835477813320488,0.8070590607010052,-0.6932301966540376,0.01801324916983213,4
207263,-0.11800778429469017,0.7296705311083916,-0.5596695450419203,0.07340292644124378,3
207306,0.353029063757838,0.28690366527650324,0.7973708718645527,0.0032853159544521146,1
207324,-0.08446341124699401,0.8049794735538579,0.06304391097148049,0.8538991544824078,2
207351,0.14992046393833597,0.6599534553146653,-0.41763244576132336,0.20122354181634552,4
207388,0.7053319208037335,0.01532482580415189,0.45880734615114277,0.15576919697758915,1
207403,-0.13147289270981552,0.6999967722063821,0.13381792200423587,0.6948659501529865,2
207500,0.014351752389521348,0.9665941425860488,-0.6443374699874101,0.03235892615954303,4
207564,0.29067288740758435,0.3858606280686742,0.10636511296800229,0.7556007507773267,1
207582,0.6150561686838669,0.04400952592217691,0.35295475871091614,0.28701224720407925,1
207847,0.11154174709684929,0.7440419100318415,-0.04297056932782649,0.9001707333291747,4
207865,-0.4459051047598739,0.1692493360360129,-0.19330383810380486,0.5690252579774426,3
207971,-0.32113678449506255,0.3355798849283979,0.1961051526369764,0.5633283619007123,2
209065,0.5,0.1173068030142382,-0.10445727335109005,0.7598722377216853,4
209506,-0.15389502410535633,0.6514259479685917,0.20886756343015794,0.5376656925288791,2
209542,0.3831471003585341,0.24478088123894806,0.32956340117912886,0.32231807026151804,1
209551,0.4553709937915138,0.1592918637874444,0.23340591305693925,0.4897368290190637,1
209807,0.24740576096572653,0.4632740123426444,-0.1390257557764097,0.6835126983421737,4
209825,0.3,0.3700831222820675,-0.028391982855352466,0.9339596459882984,4
210401,0.1,0.7698749998921364,0.4082528522603894,0.21257428158201008,1
210429,0.7305370490903274,0.010669228306656071,0.8939894358291791,0.00020617073392263004,1
210571,0.2761077127022557,0.4111574700448616,0.8792764300457269,0.00036196646126037475,1
210739,-0.44791400876468346,0.1671049015654204,0.5281311586987009,0.0949275137653642,2
211088,-0.2156427759185737,0.5242420944861587,0.08563861586678995,0.8023120007565047,2
211158,0.23726721029165496,0.4823722395791329,0.6681741359369717,0.02462519934295961,1
211273,0.3,0.3700831222820675,0.1969456126281196,0.5616235821059923,1
211291,0.39649777418451526,0.22732358837581784,0.564339809301879,0.07052287598186072,1
211361,0.26568463329634073,0.4297422403706921,0.8958944786142757,0.00019055511569880386,1
211440,0.05702379841849392,0.8677390863449544,-0.2200853432798068,0.5155176496912083,4
211477,0.2904125267802642,0.3863058151843425,0.3004172846975376,0.3693850664245514,1
211583,0.5458811635080116,0.08236270353371475,-0.6688879168210574,0.024416121788318822,4
211644,0.5412119411035275,0.08555407744670473,0.5505685786086912,0.07923944966230376,1
212009,0.5190055607629043,0.10185084608535552,0.585822540380765,0.05825212462510686,1
212054,-0.2416560688533492,0.4740620375405251,-0.3665378499250231,0.2675430202498642,3
212106,0.015316266144196539,0.9643502821575457,0.5401326769518677,0.08630322124694542,1
212115,0.5021393575779425,0.11549609435919274,0.980105829145559,1.256793049074716e-07,1
212160,0.7226758720446518,0.011992111206931432,-0.5074778221358176,0.11105661413489386,4
212197,0.4417828599218451,0.17370246852123242,0.5964173337235995,0.05277317439474602,1
212601,0.3,0.3700831222820675,-0.4125161320778355,0.20736906988184683,4
212656,0.1891985871610416,0.5774144368878401,-0.8245015645365733,0.0017938647480635107,4
212832,-0.34976760074003566,0.29169105839336024,-0.16498737269635416,0.6278271137133239,3
212911,0.13861113675819853,0.6844144635782394,-0.47494085379125084,0.13988202420093723,4
213020,0.2716537704822457,0.4190504964929632,-0.08688951281267587,0.7994748017406945,4
213251,0.23124289647827323,0.49388389735242944,0.5198317621967575,0.10121087058481058,1
213303,-0.18887889063465713,0.5780697462165206,0.7947629642691978,0.003465895239321054,2
213321,-0.10000000000000002,0.7698749998921364,0.5571068182030964,0.0750162930411439,2
213349,0.7092863336519594,0.01451266012967392,0.7720439109855441,0.00536583497591033,1
213358,0.29022640965922797,0.3866242121111369,0.752114840412796,0.007583117536710806,1
213367,-0.015561509897795978,0.9637797795434815,0.20593166430380122,0.5435261414654812,2
213385,-0.3155273714337534,0.34456511919252025,0.4917489136773946,0.12446096648810731,2
213543,0.14434394519944832,0.6719792778614971,0.21887713340091064,0.5178842173781592,1
213598,-0.7186187642726148,0.012719412168619534,-0.019440348601917096,0.9547587472992279,3
213613,0.36394677201327985,0.2711978258185193,0.4271289927557787,0.19010903119425016,1
213783,0.6600593990215112,0.02709205003633138,0.4344648647644118,0.18178309114766866,1
213826,0.20000000000000004,0.5554454421055856,0.7707563891177117,0.005492499243763036,1
213987,-0.3263498311897961,0.32734199839113826,0.5583344396005103,0.07424051275792347,2
213996,0.2274921621689922,0.5011114063089367,0.29028932304591654,0.3865165693141816,1
214041,0.19559574744832553,0.5643626304439102,0.555174479085745,0.0762483648405524,1
214069,0.33471894942784763,0.3143451450670325,0.8376592536848765,0.001288880584799838,1
214157,0.6100195847719232,0.04627029157276145,0.31949658431875116,0.3381942441575475,1
214166,-0.01740776559556978,0.9594854007323017,-0.10088954246799614,0.767876174162844,3
214272,-0.5949945073697873,0.05348758925134897,0.9258059276620483,4.33799446239405e-05,2
214883,-0.27624263603812776,0.4109195054756562,-0.004337603500781828,0.9899013721978417,3
215062,-0.3038471659948254,0.3636729226223328,0.0382033091346492,0.9112059797080865,2
215266,0.735086786448652,0.009953867179533248,0.8712838104368328,0.00047724522613004297,1
215284,0.7651473898411724,0.006070112578248906,0.5904014769626993,0.055838863813166655,1
215293,-0.5537581930660858,0.07715993462958158,-0.7337173278882323,0.01016540311273522,3
215442,-0.3193342828587233,0.3384535231140452,-0.36686091786700936,0.2670892812681211,3
215655,-0.44575038784245175,0.16941518948879136,-0.6694713314350889,0.024246167068820955,3
215743,3.469446951953614e-18,0.9999999999999998,0.42179586210458814,0.19630402794593654,1
215770,0.40189147173797224,0.22048368142255748,-0.5196187303181575,0.10137563316286863,4
215798,0.5463032728664238,0.08207815415315967,0.05886132950072423,0.8635109939080812,1
215929,0.35032452487268534,0.2908704666341132,0.6049890961932702,0.048606957027623285,1
215947,0.1350886225083394,0.6920904898516599,-0.1370293348365474,0.6878581534330507,4
216010,0.36623152535449155,0.2679736451669445,0.7064364549468654,0.015094766328847646,1
216038,0.08386265615244166,0.8063437869440631,-0.2661216399080537,0.42895510669112885,4
216278,0.49569349578185273,0.12100688851394825,0.5126763899339591,0.10684107357887897,1
216287,0.4643395232731028,0.15020074104800357,0.6173042106229579,0.0430255405028018,1
216339,-0.6381704091048934,0.034607933641423685,-0.9249226855770176,4.569323319207764e-05,3
216357,0.3270695028964805,0.32621329351353945,0.40294133438159563,0.21916657974406142,1
216524,0.02037846729804413,0.9525776396936614,0.4009248974658656,0.2217004031335586,1
216597,-0.022613844256747777,0.9473816337246076,0.342373662663649,0.30270621716351387,2
216667,0.16504360742548252,0.6277082465029504,0.7074244263617859,0.01489109950683504,1
216694,-0.5,0.1173068030142382,0.3502446454086667,0.29098808546872906,2
216764,0.2210377560473306,0.5136553805170311,0.7567461849645295,0.007017071828975615,1
216852,0.6133354064767231,0.04477314231179441,0.12800735802161073,0.7075998105738397,1
216931,0.11289702310190125,0.7410234461059901,0.42298763065712364,0.19490927227044214,1
217059,0.4233289154000074,0.1945109601985905,0.7017463249785362,0.016089038436523467,1
217156,0.23324137960753558,0.4900517402812148,0.6654128255746122,0.025445977864865185,1
217235,0.33105319730182675,0.3200031074088098,0.9399508456604044,1.709740302724931e-05,1
217305,-0.45849480919747704,0.15608756090701745,-0.2356306852030684,0.4854875003443714,3
217402,0.24076878106898497,0.475736859381047,0.5760676037453238,0.0636277836618247,1
217420,-0.15725952624121026,0.6442364637090944,0.7364114866322033,0.009752307422934191,2
217484,0.47801125542153144,0.13697941668662006,0.6416896524788006,0.03331158840248496,1
217518,0.11507929111375005,0.7361700032934101,0.15320393183731829,0.6529060455277492,1
217688,-0.3669017185784319,0.2670320088444896,-0.43384087703718294,0.18248249670358294,3
217721,-0.19095718489925032,0.573814843244789,-0.8823587815306522,0.00032368861492166343,3
217776,0.59660291801066,0.052680474684882544,-0.20174655434319333,0.5519249874596794,4
217819,0.4728166960996403,0.14191263031143042,0.9046951024324409,0.00012974499590366105,1
217864,-0.31475102984871534,0.3458185026843034,0.3583750737495915,0.27915139052450777,2
217873,-0.6607125982018264,0.02688728810062685,0.02634886616636989,0.9387039831999449,2
217882,0.4091021230235117,0.21153125787828506,-0.057653251248871495,0.8662903827369449,4
217934,-0.3063626756937606,0.35951262944865137,-0.5498491248734383,0.07971361405641579,3
218061,-0.007310796180316992,0.9829799965401717,-0.5582781553637671,0.07427596289720688,3
218070,0.32734710275739576,0.32577847274014615,0.005988758777378311,0.9860574986029949,1
218229,-0.42863010917578487,0.18838691233501664,0.05705795381935697,0.8676604673104208,2
218238,-0.33792113321042727,0.30944724500827936,-0.9263520630458566,4.199517689136881e-05,3
218663,0.09519563464691577,0.7806920057786537,-0.9148095767154383,7.949482959332736e-05,4
218724,0.75104037982582,0.007719069287579089,0.5310083286732292,0.0928105432623971,1
218733,-0.5162682334694146,0.10399002299029893,-0.040710994084133395,0.9053993263479952,3
218742,0.07693447957233572,0.8221118305228383,0.8786481595578528,0.00037017201387466264,1
218919,-0.3,0.3700831222820675,0.028732698442132554,0.9331686514638717,2
218964,-0.4715918114370595,0.14309196260260346,0.6174680538836556,0.042954425518429894,2
218973,0.4860452041252457,0.12956587803950792,0.28918045231653666,0.38841601173699786,1
219000,0.6768014307562387,0.022181672421461025,0.6583923251604946,0.0276196213060787,1
219082,0.49724422850186745,0.11966601345054673,0.5049726420749526,0.11312593391769837,1
219204,0.8883319390547577,0.0002583269743430865,0.8586807106105262,0.0007129316125408931,1
219347,0.29999999999999993,0.37008312228206774,0.6465433648394271,0.0315799764319233,1
219356,-0.09999999999999999,0.7698749998921364,0.6969293322153819,0.0171582770244787,2
219383,0.3155273714337534,0.34456511919252025,0.5404741459187302,0.08606573155485972,1
219471,0.5469141104851726,0.08166753837942117,0.7164649229571014,0.013118212977585244,1
219602,0.11563400419163453,0.7349376723863401,0.8050000044671354,0.002797018713206586,1
219709,0.8409929552729339,0.0011799587422103258,0.22795147417894746,0.5002238663463617,1
219833,-0.3173950990801707,0.3415594950966673,-0.5959780081491193,0.05299306305018734,3
219976,0.3822084977767423,0.24603638747343587,0.5932300282940508,0.054382699471245306,1
220075,0.3857750153382429,0.24128537407671885,0.8983902759172271,0.00017147908007418043,1
220215,-0.5,0.1173068030142382,-0.12047248324440687,0.7242127266168116,3
220516,0.33229177882850003,0.31808532095353814,0.5771670349246769,0.06300577236237477,1
220598,-3.469446951953614e-18,0.9999999999999998,-0.5981222645628652,0.05192574503650182,3
220613,-0.04018243430225117,0.9066228923959404,-0.3153316631669835,0.34488086046092403,3
220862,0.29145595293938675,0.3845232274757915,-0.18337821509540764,0.589389613223916,4
220978,0.5424218586994709,0.0847193788908831,0.8623455798952159,0.0006369429875820727,1
221351,-0.1827945009592774,0.590595749294194,0.30590484737283974,0.3602679766599537,2
221519,-0.08445958560388832,0.8049881600399228,0.5043024319473948,0.11368373010357986,2
221661,-0.03293496894108573,0.9234174527830323,-0.18793404875308062,0.5800081472456035,3
221740,0.32696962412159886,0.32636981516867547,-0.8151621451510417,0.0022330380614617768,4
221759,-0.029709364408587832,0.9309015574975723,-0.6376495477987152,0.03480274637210171,3
221768,0.15137832813688284,0.6568212954231204,-0.7383478569506478,0.009463042088557682,4
221838,-0.8260836197596111,0.0017264109124698385,-0.48610156667249027,0.1295147913877866,3
221847,0.09396214162888222,0.7834749240535515,0.1745344163880468,0.6077624526202302,1
221892,-0.17382463554327082,0.6092460525006745,0.8198921247595561,0.002001652611948973,2
221971,0.0030967222489657054,0.9927902626485785,0.4622254867992093,0.1523137121171827,1
221999,0.280726329710589,0.4030499471033843,0.6333779077721222,0.036429417455844486,1
222178,0.29260325096187095,0.38256796679468447,0.5459505451765834,0.08231588751758112,1
222831,-0.23987254669948443,0.4774312697167485,0.39678180830732906,0.22696033778182953,2
222938,-0.09264590544992782,0.7864470340791988,0.9417610515841126,1.4936918684391273e-05,2
222983,0.7843606400973584,0.004260162494788194,0.8340664660498783,0.0014145344676247328,1
223232,0.040169624019058985,0.9066525492646693,-0.3476054813590492,0.2948888876923628,4
224147,-0.014997213201991433,0.9650925071217669,0.5162365007342636,0.10401499168057572,2
224226,-0.23051907393473978,0.49527509150045346,-0.93525654958863,2.3825487219045704e-05,3
224545,-0.35777087639996635,0.28002161548096377,-0.18872099566094244,0.5783935030689227,3
224554,-0.2942946597275952,0.379694571700789,0.9483232903522546,8.806290939928574e-06,2
224776,0.5691088275950487,0.06766129541664635,0.9033798508038514,0.00013773002583545083,1
225247,-0.2,0.5554454421055853,0.8042051091553417,0.0028452007769468176,2
225414,0.05700588571071921,0.8677803183152863,0.4997546585097161,0.11751561529778756,1
225432,-0.719448892090736,0.012568072630925457,-0.9293777376410628,3.4925895272077835e-05,3
225502,0.11769949843651184,0.7303539944263691,-0.26569495702541246,0.4297236373874488,4
225511,-0.7684428143300983,0.005725614038746812,-0.9273558258040303,3.953866543272106e-05,3
225575,-0.2838373015634246,0.39763370098110856,-0.7823496403673933,0.004428002335579142,3
225627,-0.44493268759030447,0.17029340812889832,0.6004937821905785,0.050762556597253185,2
226091,0.40323722423405894,0.2187962116916906,-0.46789959515130936,0.14668409625754839,4
226231,-0.04724308762859941,0.8902941247598084,-0.7277576388524198,0.011124176896100143,3
226383,0.1761431036455212,0.6044048551462521,-0.20523462080594118,0.544921357765619,4
226471,0.13629768207256446,0.6894528169489103,-0.1740116430398507,0.6088550367890403,4
226587,0.15666989036012804,0.6454944805300501,0.3954122131696406,0.2287150421290546,1
226833,0.2980410375817478,0.3733691595863943,0.29014343366442774,0.3867662043656927,1
227216,0.1862420699108532,0.5834855837310812,-0.12722417288897173,0.7093213926305254,4
227331,0.1025272380152224,0.7641995529231967,-0.2530691504215685,0.45275917758372347,4
227526,-0.31211651209396507,0.35008960416684637,-0.042836195745319106,0.9004815722860601,3
227757,0.30068845584404685,0.3689317977716487,-0.26652183371717864,0.42823488466332205,4
227845,0.558953803476283,0.07385115969629456,0.22903630473538586,0.49813034621463426,1
227881,-0.20369420336772298,0.5480098589819535,0.7458169392681298,0.008405509406272911,2
228149,-0.1731958027341331,0.6105615574044108,-0.189736396203337,0.576312692948435,3
228246,0.2813478668119926,0.40196495210691346,-0.27972019326814906,0.40480937377804227,4
228343,-0.05232950236306477,0.8785543914014688,0.6868631296392114,0.019555584335289714,2
228431,-0.01511326874157179,0.9648225198116509,-0.6883865647461864,0.019178289096410013,3
228459,0.9173840873615358,6.950557349499709e-05,0.9375302661297293,2.0352707012391504e-05,1
228468,0.021320071635561044,0.9503887216678912,-0.6368190816307571,0.035114939961912624,4
228529,-0.4786449231000989,0.13638516199104334,-0.2656798561772816,0.4297508486950585,3
228705,0.18632224099921935,0.5833206322350537,-0.030908017956766842,0.9281198044351447,4
228723,0.024567778849933733,0.9428413246798455,0.5115151023507307,0.1077735989307354,1
228769,-0.14995220405865328,0.6598852106047546,-0.4556122750939628,0.1590429232258706,3
228778,-0.033969696422034706,0.9210178136213095,-0.4197321529232346,0.19873338750443764,3
228787,0.323967367857212,0.3310933819033741,-0.798140445525242,0.003233388325209768,4
228796,0.33764470114571726,0.3098684190069239,-0.34403637071326093,0.30020966653359177,4
228802,0.2538937682077482,0.45123747604053555,0.6996969146508115,0.016537923324908495,1
228875,-0.0523931576864656,0.878407605761192,0.5685876615136787,0.06797013794128363,2
228981,0.2288999990844,0.49839318001708305,-0.17875823695459103,0.598961314240534,4
229018,0.018825739637941208,0.9561878529811861,0.28958043061264477,0.3877303304717526,1
229027,0.4187752389578099,0.19986593822303012,0.7063033611590859,0.0151223554558213,1
229063,-0.4638307584291802,0.15070756440178001,-0.8745604533816077,0.00042705713710857075,3
229115,0.7240797740721729,0.01174760075309534,0.9140667963943275,8.257105073425369e-05,1
229160,-0.5961877960061441,0.05288798323522353,-0.6449331123910871,0.03214727945704376,3
229179,-0.3762681380054589,0.25406811034279914,-0.17760524161185465,0.6013590853106882,3
229267,0.15266819727479583,0.654054190258632,0.6533247616851354,0.029267775619159036,1
229814,0.35794684816268096,0.27976800747082003,0.47197821290005926,0.14271926752517916,1
230038,0.5432216117300819,0.08417061857164605,0.3465500166160218,0.2964569206601385,1
230047,-0.3065172960050644,0.3592577141626902,-0.6864822471422399,0.01965073567597135,3
230171,0.3425578863148804,0.3024290492310224,0.5356390909833503,0.0894689634025784,1
230603,-0.32595658421472284,0.3279596299218724,0.5828956802517284,0.05983129235463098,2
230728,0.007252046207760071,0.9831167534009532,-0.6066401186763455,0.0478313141143468,4
230737,0.6558052902362741,0.028452610594115014,0.4584047190324978,0.15617940584274786,1
230764,-0.10159632656117762,0.7662889150158632,0.5279401374105533,0.0950691757151376,2
230782,0.674483503448167,0.02282044252408712,0.568497371826248,0.06802373984984876,1
230816,-0.10000000000000002,0.7698749998921364,0.03177921393459612,0.9260984439657487,2
230852,0.6534371513334079,0.029230490366090114,0.8571809217972879,0.0007459244077415141,1
230959,0.8836828280385451,0.00030822484998449507,0.7950391864785309,0.003446428442522823,1
230995,0.5093940757782811,0.10949040422390381,0.7735130306715402,0.005223946411779072,1
231059,3.469446951953614e-18,0.9999999999999998,0.4541631861603993,0.16054164571931756,1
231165,-0.04648623701196436,0.892042722995201,0.6624876347110435,0.026336379049877633,2
231174,0.25412694410703396,0.45080761861904617,-0.2696959924336252,0.4225429436435106,4
231420,0.17892344962083523,0.5986180297473294,0.35709411789827317,0.28099814471741613,1
231581,-0.061662741105859065,0.8570712598331405,0.8132919791916435,0.002329815277493271,2
231624,0.5417857609897021,0.0851575343219769,0.32344060963774485,0.3319258743760196,1
231712,-0.2414841354035674,0.47438636658350714,-0.137502006736852,0.6868285538935819,3
232043,0.017921501213075078,0.9582906224818543,0.7235505558177365,0.011839343985695187,1
232089,0.46382210124184176,0.15071619779092044,-0.09685814601673912,0.7769448231535135,4
232186,0.690239644031208,0.018726396968998815,0.9564572662079387,4.123217782933012e-06,1
232256,0.15694120514358612,0.6449155134648468,-0.27152390112193403,0.41928173507493943,4
232265,0.5068141520244168,0.11160241224510584,0.7536372477759603,0.007393495910598289,1
232423,0.22061871746628992,0.5144743792698632,0.9263346209595913,4.203887176196393e-05,1
232557,-0.415401794877174,0.2038893475653698,-0.7607300903750367,0.006555464209576184,3
232566,-0.15577908261404633,0.6473966435088012,0.8934518520898479,0.0002107484462462175,2
232609,-0.20776569936321906,0.5398620999680898,0.4873768298577482,0.12836232800771508,2
232681,0.9121899235272788,9.075002834479481e-05,0.5838572239371906,0.05930932982074985,1
232706,0.10469997967983466,0.7593285025023248,-0.02860710328102392,0.9334602229366569,4
232797,-0.37006357340636487,0.2626147819937461,-0.46620565002338527,0.14835086998125702,3
232937,-0.47331364222243444,0.14143591685775522,-0.528095537635956,0.0949539199306889,3
232982,0.28290452748761047,0.3992538748723509,0.9758215248132001,3.004286374742528e-07,1
233277,0.5765096212276639,0.06337721190978693,0.9549818112906683,4.780010291615678e-06,1
233295,-0.1941742160165233,0.5672527939189251,-0.5531105421549374,0.07757919792370557,3
233374,-0.16943959993842686,0.6184408859023,-0.5658017590635669,0.0696371711501271,3
233426,-0.4,0.22286835013351963,0.6629947071768956,0.026180477594131266,2
233684,0.5276679853235383,0.09527124411664299,0.7595044431791349,0.006695031044220372,1
233897,0.2,0.5554454421055853,-0.3428565344757454,0.30198002213267056,4
233921,-0.15692352417552496,0.6449532380476292,0.6085078788854854,0.046964162304571525,2
234030,-0.6423713499821211,0.0330644675716463,-0.1597896441370875,0.6388478694502947,3
234076,-0.3064637900387909,0.35934591639218183,-0.6895371598762844,0.018896799139967554,3
234085,-0.2010442410861943,0.5533395269205209,-0.037885274413203746,0.9119426869423896,3
234155,0.04685870886224079,0.8911821241425132,-0.3142424343093376,0.3466409085886859,4
234207,-0.1578692651939208,0.6429364363129242,-0.2757791912038703,0.4117371650119416,3
234827,0.34869333929222746,0.29327751689260334,0.6255945565766277,0.03952833723221008,1
234915,-0.23442079587225984,0.4877963596300437,0.7528255042281834,0.0074941645209115155,2
235097,-0.0447862306055643,0.8959719147689478,0.12140516263796666,0.7221503980122963,2
235316,0.0,0.9999999999999998,0.11794892072780365,0.7298010167897581,4
236230,0.3773630443736331,0.25257661383473723,0.6068092547317828,0.0477523387224278,1
236328,0.4970493225657475,0.11983401635263932,-0.35444115230060136,0.28484451145191,4
236452,-0.1800751200107869,0.5962270914690793,-0.7063608754669689,0.015110428818690992,3
236577,0.35492717604798873,0.2841376800311961,0.516768529449166,0.1035968842355405,1
236595,0.5767708982634818,0.06322941311364821,-0.5482205611052635,0.08079390810951478,4
236896,0.19569842191603265,0.5641541053716476,0.20047473583322475,0.5544876463209683,1
236939,0.3219913380861632,0.33422203730116984,0.7202576837408656,0.012421878910711052,1
236948,-0.2365542515909663,0.4837283165363926,-0.40501587194183153,0.2165776424916034,3
237011,0.1521754498453633,0.6551108027178866,-0.5129293247893852,0.10663866194143447,4
237066,0.3647025028256351,0.2701289555116598,0.7801034786102999,0.004621186905555052,1
237118,0.17888543819998318,0.5986970046727276,0.9549915631050829,4.77542038113057e-06,1
237215,0.22894699326795093,0.49830255580007593,-0.47674027552213205,0.13817627477623567,4
237367,-0.29224590779063,0.3831764244237259,0.503737053592151,0.11415565621546461,2
237525,-0.13662067824950172,0.6887486949507186,0.21861041464104278,0.5184072710551347,2
237783,-0.34671747726745406,0.2962078305422783,-0.6953254838102001,0.01752531644706784,3
237792,0.42956449363926097,0.187319747989603,0.8219637127840811,0.0019061614396179308,1
237950,0.20830831648384546,0.538780009792058,0.10088774446574245,0.7678802130464909,1
238032,-0.1959044068436397,0.5637358555407899,0.8025426462320702,0.0029479613401875056,2
238430,0.19690533806580496,0.5617052277910148,-0.4701740914422776,0.14446463592733294,4
238476,0.2830955113989758,0.39892188169952475,0.4328368729502865,0.18361128007115166,1
238616,-0.191709023705351,0.5722786113138083,-0.7521603281262077,0.007577400878191971,3
238661,0.3747304619571361,0.25617122716245744,0.1252933517581798,0.7135708865022441,1
238980,-0.1979468936129082,0.5595952761881046,0.22822431166941337,0.49969698036164695,2
239105,0.17701142839558417,0.6025953671085529,0.28611146456037645,0.39369729857882646,1
239716,0.4,0.22286835013351963,0.573698217411193,0.06498237534901181,1
240189,-0.3062384861788342,0.3597174424660106,-0.02009688041514278,0.9532322936276544,3
240268,0.5125841975393917,0.10691491274468222,0.6191255250594249,0.04223957841535905,1
240277,0.5947984779003439,0.053586532962983074,0.776632813722512,0.0049318209746792635,1
240329,0.5977532937815616,0.05210834472547344,-0.24636963797837913,0.465209712320651,4
240365,-0.21369412750885475,0.5280883925779984,0.8948638861057656,0.000198886589297176,2
240374,0.5331339190413655,0.09126668257801164,-0.14453982731183906,0.6715556658866765,4
240392,0.36484597868577856,0.2699262982840516,0.788749570855749,0.003910230269919659,1
240417,-0.37901344548982585,0.2503379048990114,0.9103817650311863,9.920147188930351e-05,2
240444,0.3466430416506512,0.29631853594130614,-0.44185298779702575,0.1736261175083938,4
240453,0.21714800054405345,0.5212791449511084,0.8713049970975695,0.0004769070266093942,1
240462,0.16294314471021587,0.6321535081247505,0.21300962257070666,0.5294422846884421,1
240471,0.7346141018679746,0.010026516087902726,0.6621202649224858,0.026449737274998934,1
240480,0.4488476072664312,0.16611404752990835,0.7125933087566282,0.013857654564252376,1
240727,0.39999999999999997,0.22286835013351997,-0.08921809352186039,0.794199087842251,4
242972,0.6704682100871724,0.023957708659966413,0.6695007162075841,0.024237629218447698,1
243665,0.1571630370908564,0.6444422707994636,0.08868353047264023,0.7954095361801652,1
243744,0.38727416558685396,0.23930428618757918,-0.17035745203824812,0.6165121512358989,4
243780,0.07693317822306561,0.8221147980343448,-0.5004537763941954,0.11692121956567775,4
248934,-0.09146554381234218,0.7891145126854681,-0.5488604235847198,0.08036830619564865,3
251312,0.09501618194336695,0.7810967313187133,0.4759291649146663,0.13894352553664585,1
262086,0.13964424809617304,0.6821682136926319,0.17881997353492832,0.5988330272927429,1
363934,0.42094445043275636,0.1973041194391496,0.5384681467147059,0.08746710201125549,1
366252,-0.18748562478297937,0.5809289916678583,0.26148584339304326,0.43734006544600496,2
366711,0.24717892560436086,0.4636974737795232,0.40258309036613743,0.2196154911799235,1
367884,-0.550568839127788,0.07923927830534776,-0.17570060157030765,0.605327748131031,3
377555,0.7941125831449278,0.003512052717997853,0.7220074452347325,0.012109812584280719,1
377564,0.8585399235752261,0.0007159809540147406,0.5865224837276399,0.05787872039767391,1
384254,0.6378006051960317,0.034746169164235646,0.5857945606436543,0.05826708516523331,1
409315,-0.12316805742712017,0.71825684725018,0.050757080460021434,0.8821813881583069,2
409698,-0.024247222994524392,0.9435860908783458,0.5677697398383439,0.0684567496743308,2
413413,0.6056701742841586,0.048285949864059693,0.11925353491628232,0.7269105298747677,1
420042,0.08839066519593772,0.7960728632656651,0.5344529367645858,0.09031721222357075,1
430184,0.5146653027311314,0.10525616411564656,0.7523094112507975,0.007558686976944241,1
433387,-0.19610289239140308,0.5633329493206558,0.5004339006840898,0.11693809126889347,2
433536,0.6112139623367816,0.045727094584471564,0.6101919248806413,0.04619163903892074,1
437097,0.601468905500204,0.05028950328739233,0.6018014524545298,0.05012887164895508,1
438498,0.029962358505912556,0.9303143673940377,-0.27429178903307383,0.4143667478077398,4
438586,-0.565399156413924,0.06988033262163598,0.6379842743383841,0.03467746411410196,2
440749,0.5881716976750462,0.05700534943789397,0.7915592986577527,0.0036976750446156476,1
441937,-0.2704963191440854,0.42111356532423594,0.4991496612607891,0.11803155530974609,2
442569,0.3777354949377395,0.2520704010525775,0.6684554884885066,0.024542636003152107,1
443410,0.3586519513140666,0.27875310917087825,-0.0676150765210998,0.8434147175965967,4
443766,0.6234890581555385,0.04039710292576654,0.7366419204052213,0.00971755128588388,1
443784,0.7223057833142177,0.012057176288871707,0.7506532833868931,0.007768482427668036,1
445027,-0.5939712909522135,0.05400542441799013,-0.12112909670236564,0.7227606591734649,3
445133,0.26539356200861736,0.4302668983458734,0.09040747883337737,0.791507344496319,1
445267,0.4040163695507852,0.21782271448030852,0.23111914296918942,0.4941216309692259,1
445692,0.4630295741365521,0.1515078562771208,0.4630295741365521,0.1515078562771208,1
446640,0.4071100280368486,0.2139826313446976,0.723854428394709,0.011786602648322568,1
447689,0.9283867797803338,3.713185562167393e-05,0.9665463761918973,1.277836098812729e-06,1
449038,-0.313297702519325,0.3481712632514132,0.8619863299278442,0.0006441082440348103,2
449339,0.007649460048260365,0.9821916705474955,0.8026539060253033,0.0029409993251735796,1
450298,-0.3516823232559856,0.28887518938975215,-0.1087344081001921,0.7503046537145891,3
450377,0.2707507392295231,0.4206596616633111,0.44534173164740326,0.16985374146360124,1
450933,-0.43843011746299343,0.1773767527056807,0.12459298908456767,0.7151141103629511,2
451820,0.410450348523895,0.2098816958246146,0.8709335698564683,0.0004828624113815537,1
453163,0.2919789783073191,0.3836312497546604,0.7159329726098899,0.01321808162620915,1
453215,0.635714652512442,0.03553314573036789,0.8652741387839764,0.0005807541448197601,1
458919,0.21033728140969338,0.5347417777899216,0.5970441806686698,0.05246051069239657,1
458964,0.3421772891075068,0.3030018175307493,0.9080739226493874,0.00011084684958048389,1
459994,0.5701532112198378,0.06704524357757571,0.8465405243348813,0.001014207576330303,1
475121,0.8530447465572942,0.0008428912913242672,0.933301227767307,2.716091257649979e-05,1
